,close,Stage
1995-01-02,10.355527877807617,
1995-01-09,10.446765899658203,bad sector
1995-01-16,9.625622749328613,bad sector
1995-01-23,9.260669708251953,bad sector
1995-01-30,9.397526741027832,bad sector
1995-02-06,9.443145751953125,bad sector
1995-02-13,9.58000373840332,bad sector
1995-02-20,9.762479782104492,bad sector
1995-02-27,9.351907730102539,bad sector
1995-03-06,9.7168607711792,bad sector
1995-03-13,9.397526741027832,bad sector
1995-03-20,9.306288719177246,bad sector
1995-03-27,9.808098793029785,bad sector
1995-04-03,9.853717803955078,bad sector
1995-04-10,9.944955825805664,bad sector
1995-04-17,9.853717803955078,bad sector
1995-04-24,9.899336814880371,bad sector
1995-05-01,9.671241760253906,bad sector
1995-05-08,10.40114688873291,bad sector
1995-05-15,10.446765899658203,bad sector
1995-05-22,10.355527877807617,bad sector
1995-05-29,10.948575973510742,bad sector
1995-06-05,10.811717987060547,bad sector
1995-06-12,10.766098976135254,bad sector
1995-06-19,11.131052017211914,bad sector
1995-06-26,10.85733699798584,bad sector
1995-07-03,11.815338134765625,bad sector
1995-07-10,11.678481101989746,bad sector
1995-07-17,10.538003921508789,bad sector
1995-07-24,10.674860954284668,bad sector
1995-07-31,10.492384910583496,bad sector
1995-08-07,10.218670845031738,bad sector
1995-08-14,10.309908866882324,bad sector
1995-08-21,10.492384910583496,bad sector
1995-08-28,11.404766082763672,bad sector
1995-09-04,11.678481101989746,bad sector
1995-09-11,11.678481101989746,bad sector
1995-09-18,11.313528060913086,bad sector
1995-09-25,11.359147071838379,bad sector
1995-10-02,10.948575973510742,bad sector
1995-10-09,11.587242126464844,bad sector
1995-10-16,10.948575973510742,bad sector
1995-10-23,10.85733699798584,bad sector
1995-10-30,10.446765899658203,bad sector
1995-11-06,10.40114688873291,bad sector
1995-11-13,10.446765899658203,bad sector
1995-11-20,10.583622932434082,bad sector
1995-11-27,10.538003921508789,bad sector
1995-12-04,10.446765899658203,bad sector
1995-12-11,10.309908866882324,bad sector
1995-12-18,10.811717987060547,bad sector
1995-12-25,10.538003921508789,bad sector
1996-01-01,10.538003921508789,bad sector
1996-01-08,10.127431869506836,bad sector
1996-01-15,10.127431869506836,bad sector
1996-01-22,10.674860954284668,bad sector
1996-01-29,10.90295696258545,bad sector
1996-02-05,11.039813995361328,bad sector
1996-02-12,11.176671028137207,bad sector
1996-02-19,11.085433006286621,bad sector
1996-02-26,11.496004104614258,bad sector
1996-03-04,11.404766082763672,bad sector
1996-03-11,11.860957145690918,bad sector
1996-03-18,12.271528244018555,bad sector
1996-03-25,12.545243263244629,bad sector
1996-04-01,12.86457633972168,bad sector
1996-04-08,12.499624252319336,bad sector
1996-04-15,13.001433372497559,bad sector
1996-04-22,12.86457633972168,bad sector
1996-04-29,13.047053337097168,bad sector
1996-05-06,12.910195350646973,bad sector
1996-05-13,13.594481468200684,bad sector
1996-05-20,13.183910369873047,bad sector
1996-05-27,13.320767402648926,bad sector
1996-06-03,12.773338317871094,bad sector
1996-06-10,12.545243263244629,bad sector
1996-06-17,12.40838623046875,bad sector
1996-06-24,11.815338134765625,bad sector
1996-07-01,11.450385093688965,bad sector
1996-07-08,11.2222900390625,bad sector
1996-07-15,11.769719123840332,bad sector
1996-07-22,11.724100112915039,bad sector
1996-07-29,12.362767219543457,bad sector
1996-08-05,12.317148208618164,bad sector
1996-08-12,12.134671211242676,bad sector
1996-08-19,12.317148208618164,bad sector
1996-08-26,12.225909233093262,bad sector
1996-09-02,11.632862091064453,bad sector
1996-09-09,11.678481101989746,bad sector
1996-09-16,11.678481101989746,bad sector
1996-09-23,11.176671028137207,bad sector
1996-09-30,11.54162311553955,bad sector
1996-10-07,11.678481101989746,bad sector
1996-10-14,11.587242126464844,bad sector
1996-10-21,11.404766082763672,bad sector
1996-10-28,11.131052017211914,bad sector
1996-11-04,11.54162311553955,bad sector
1996-11-11,11.450385093688965,bad sector
1996-11-18,11.724100112915039,bad sector
1996-11-25,11.952195167541504,bad sector
1996-12-02,11.815338134765625,bad sector
1996-12-09,11.678481101989746,bad sector
1996-12-16,11.632862091064453,bad sector
1996-12-23,11.724100112915039,bad sector
1996-12-30,11.860957145690918,bad sector
1997-01-06,12.225909233093262,bad sector
1997-01-13,12.04343318939209,bad sector
1997-01-20,12.271528244018555,bad sector
1997-01-27,11.724100112915039,bad sector
1997-02-03,11.769719123840332,bad sector
1997-02-10,11.952195167541504,bad sector
1997-02-17,12.089052200317383,bad sector
1997-02-24,11.997814178466797,bad sector
1997-03-03,11.769719123840332,bad sector
1997-03-10,11.724100112915039,bad sector
1997-03-17,11.587242126464844,bad sector
1997-03-24,11.267909049987793,bad sector
1997-03-31,11.267909049987793,bad sector
1997-04-07,11.769719123840332,bad sector
1997-04-14,12.499624252319336,bad sector
1997-04-21,12.499624252319336,bad sector
1997-04-28,12.682100296020508,bad sector
1997-05-05,13.366386413574219,bad sector
1997-05-12,13.366386413574219,bad sector
1997-05-19,13.64009952545166,bad sector
1997-05-26,13.685718536376953,bad sector
1997-06-02,13.913814544677734,bad sector
1997-06-09,14.00505256652832,bad sector
1997-06-16,14.1419095993042,bad sector
1997-06-23,14.233147621154785,bad sector
1997-06-30,14.598100662231445,bad sector
1997-07-07,14.734957695007324,bad sector
1997-07-14,14.57529067993164,bad sector
1997-07-21,14.803386688232422,bad sector
1997-07-28,14.82619571685791,bad sector
1997-08-04,14.963052749633789,bad sector
1997-08-11,14.552481651306152,bad sector
1997-08-18,15.670148849487305,bad sector
1997-08-25,15.692957878112793,bad sector
1997-09-01,16.37724494934082,bad sector
1997-09-08,16.14914894104004,bad sector
1997-09-15,16.49129295349121,bad sector
1997-09-22,16.03510093688965,bad sector
1997-09-29,16.970291137695312,bad sector
1997-10-06,17.97391128540039,bad sector
1997-10-13,17.312435150146484,bad sector
1997-10-20,16.94748306274414,bad sector
1997-10-27,15.943862915039062,bad sector
1997-11-03,16.696577072143555,bad sector
1997-11-10,15.829815864562988,bad sector
1997-11-17,15.6473388671875,bad sector
1997-11-24,15.692957878112793,bad sector
1997-12-01,16.856243133544922,bad sector
1997-12-08,17.129959106445312,bad sector
1997-12-15,16.742197036743164,bad sector
1997-12-22,17.0615291595459,bad sector
1997-12-29,17.608959197998047,bad sector
1998-01-05,15.966672897338867,bad sector
1998-01-12,17.882673263549805,bad sector
1998-01-19,17.51772117614746,bad sector
1998-01-26,18.612577438354492,bad sector
1998-02-02,18.772245407104492,bad sector
1998-02-09,19.570579528808594,bad sector
1998-02-16,20.16362762451172,bad sector
1998-02-23,20.642627716064453,bad sector
1998-03-02,21.87434196472168,bad sector
1998-03-09,21.634841918945312,bad sector
1998-03-16,23.220104217529297,bad sector
1998-03-23,23.744722366333008,bad sector
1998-03-30,23.813152313232422,bad sector
1998-04-06,25.759899139404297,bad sector
1998-04-13,26.824642181396484,bad sector
1998-04-20,24.969928741455078,bad sector
1998-04-27,25.725553512573242,bad sector
1998-05-04,25.176008224487305,bad sector
1998-05-11,26.34379005432129,bad sector
1998-05-18,28.026771545410156,bad sector
1998-05-25,28.50762176513672,bad sector
1998-06-01,30.362335205078125,bad sector
1998-06-08,28.713701248168945,bad sector
1998-06-15,30.259294509887695,bad sector
1998-06-22,32.182701110839844,bad sector
1998-06-29,31.804889678955078,bad sector
1998-07-06,31.804889678955078,bad sector
1998-07-13,32.354434967041016,bad sector
1998-07-20,31.667503356933594,bad sector
1998-07-27,31.324037551879883,bad sector
1998-08-03,28.645008087158203,bad sector
1998-08-10,26.858989715576172,bad sector
1998-08-17,26.41248321533203,bad sector
1998-08-24,26.206405639648438,bad sector
1998-08-31,23.012176513671875,bad sector
1998-09-07,23.802146911621094,bad sector
1998-09-14,24.69515609741211,bad sector
1998-09-21,26.44683074951172,bad sector
1998-09-28,23.699108123779297,bad sector
1998-10-05,24.317344665527344,bad sector
1998-10-12,27.923730850219727,bad sector
1998-10-19,27.442880630493164,bad sector
1998-10-26,29.812789916992188,bad sector
1998-11-02,29.64105796813965,bad sector
1998-11-09,29.331939697265625,bad sector
1998-11-16,30.431028366088867,bad sector
1998-11-23,30.293642044067383,bad sector
1998-11-30,30.980573654174805,bad sector
1998-12-07,30.1562557220459,bad sector
1998-12-14,31.25534439086914,bad sector
1998-12-21,32.354434967041016,bad sector
1998-12-28,32.25139236450195,bad sector
1999-01-04,35.720394134521484,bad sector
1999-01-11,34.07176208496094,bad sector
1999-01-18,33.453521728515625,bad sector
1999-01-25,33.76264190673828,bad sector
1999-02-01,31.461423873901367,bad sector
1999-02-08,31.804889678955078,bad sector
1999-02-15,32.32008743286133,bad sector
1999-02-22,32.5948600769043,bad sector
1999-03-01,33.04136657714844,bad sector
1999-03-08,31.839235305786133,bad sector
1999-03-15,32.182701110839844,bad sector
1999-03-22,31.289691925048828,bad sector
1999-03-29,31.049266815185547,bad sector
1999-04-05,33.28179168701172,bad sector
1999-04-12,35.651702880859375,bad sector
1999-04-19,35.03346252441406,bad sector
1999-04-26,35.13650131225586,bad sector
1999-05-03,35.651702880859375,bad sector
1999-05-10,33.384830474853516,bad sector
1999-05-17,32.01096725463867,bad sector
1999-05-24,31.392730712890625,bad sector
1999-05-31,30.946226119995117,bad sector
1999-06-07,29.88148307800293,bad sector
1999-06-14,30.259294509887695,bad sector
1999-06-21,29.36628532409668,bad sector
1999-06-28,31.564464569091797,bad sector
1999-07-05,30.774492263793945,bad sector
1999-07-12,29.70975112915039,bad sector
1999-07-19,29.36628532409668,bad sector
1999-07-26,26.652908325195312,bad sector
1999-08-02,26.44683074951172,bad sector
1999-08-09,26.721603393554688,bad sector
1999-08-16,28.404582977294922,bad sector
1999-08-23,28.370235443115234,bad sector
1999-08-30,28.833913803100586,bad sector
1999-09-06,27.889385223388672,bad sector
1999-09-13,27.442880630493164,bad sector
1999-09-20,27.30549430847168,bad sector
1999-09-27,27.82069206237793,bad sector
1999-10-04,28.645008087158203,bad sector
1999-10-11,27.786344528198242,bad sector
1999-10-18,29.60671043395996,bad sector
1999-10-25,30.1562557220459,bad sector
1999-11-01,29.503671646118164,bad sector
1999-11-08,29.331939697265625,bad sector
1999-11-15,27.7176513671875,bad sector
1999-11-22,27.82069206237793,bad sector
1999-11-29,28.748048782348633,bad sector
1999-12-06,26.893335342407227,bad sector
1999-12-13,27.511573791503906,bad sector
1999-12-20,29.02281951904297,bad sector
1999-12-27,29.297592163085938,bad sector
2000-01-03,30.018869400024414,bad sector
2000-01-10,28.438928604125977,bad sector
2000-01-17,27.7176513671875,bad sector
2000-01-24,26.927682876586914,bad sector
2000-01-31,26.41248321533203,bad sector
2000-02-07,25.347740173339844,bad sector
2000-02-14,23.83649444580078,bad sector
2000-02-21,23.596067428588867,bad sector
2000-02-28,23.458681106567383,bad sector
2000-03-06,22.565671920776367,bad sector
2000-03-13,24.52342414855957,bad sector
2000-03-20,24.52342414855957,bad sector
2000-03-27,25.244701385498047,bad sector
2000-04-03,26.58421516418457,bad sector
2000-04-10,28.713701248168945,bad sector
2000-04-17,30.293642044067383,bad sector
2000-04-24,30.087562561035156,bad sector
2000-05-01,29.057167053222656,bad sector
2000-05-08,29.331939697265625,bad sector
2000-05-15,29.36628532409668,bad sector
2000-05-22,26.481176376342773,bad sector
2000-05-29,26.58421516418457,bad sector
2000-06-05,27.408533096313477,bad sector
2000-06-12,24.729503631591797,bad sector
2000-06-19,24.420385360717773,bad sector
2000-06-26,24.59708023071289,bad sector
2000-07-03,26.456161499023438,bad sector
2000-07-10,27.171192169189453,bad sector
2000-07-17,27.099689483642578,bad sector
2000-07-24,26.384658813476562,bad sector
2000-07-31,29.125,bad sector
2000-08-07,29.125,bad sector
2000-08-14,27.75,bad sector
2000-08-21,27.625,bad sector
2000-08-28,25.0,bad sector
2000-09-04,26.0,bad sector
2000-09-11,25.875,bad sector
2000-09-18,25.625,bad sector
2000-09-25,25.5,bad sector
2000-10-02,25.3125,bad sector
2000-10-09,25.375,bad sector
2000-10-16,25.0625,bad sector
2000-10-23,25.5625,bad sector
2000-10-30,25.3125,bad sector
2000-11-06,25.0625,bad sector
2000-11-13,24.9375,bad sector
2000-11-20,24.0625,bad sector
2000-11-27,24.1875,bad sector
2000-12-04,24.125,bad sector
2000-12-11,22.5,bad sector
2000-12-18,22.8125,bad sector
2000-12-25,23.4375,bad sector
2001-01-01,26.25,bad sector
2001-01-08,26.375,bad sector
2001-01-15,26.3125,bad sector
2001-01-22,28.0,volume
2001-01-29,28.010000228881836,bad sector
2001-02-05,26.920000076293945,bad sector
2001-02-12,27.600000381469727,bad sector
2001-02-19,28.350000381469727,bad sector
2001-02-26,28.059999465942383,bad sector
2001-03-05,30.100000381469727,bad sector
2001-03-12,28.43000030517578,bad sector
2001-03-19,27.899999618530273,bad sector
2001-03-26,28.1200008392334,bad sector
2001-04-02,27.799999237060547,bad sector
2001-04-09,29.0,bad sector
2001-04-16,30.0,bearish
2001-04-23,29.610000610351562,volume
2001-04-30,29.079999923706055,volume
2001-05-07,27.81999969482422,volume
2001-05-14,27.1299991607666,volume
2001-05-21,24.739999771118164,volume
2001-05-28,24.59000015258789,volume
2001-06-04,24.0,volume
2001-06-11,24.09000015258789,volume
2001-06-18,25.190000534057617,volume
2001-06-25,24.549999237060547,volume
2001-07-02,24.280000686645508,bad sector
2001-07-09,25.600000381469727,volume
2001-07-16,25.760000228881836,volume
2001-07-23,25.260000228881836,volume
2001-07-30,24.950000762939453,volume
2001-08-06,24.770000457763672,volume
2001-08-13,21.700000762939453,bad sector
2001-08-20,20.389999389648438,bad sector
2001-08-27,19.8700008392334,bad sector
2001-09-03,18.760000228881836,bad sector
2001-09-10,19.399999618530273,bad sector
2001-09-17,15.34000015258789,bad sector
2001-09-24,17.350000381469727,bad sector
2001-10-01,17.670000076293945,bad sector
2001-10-08,17.729999542236328,bad sector
2001-10-15,16.510000228881836,bad sector
2001-10-22,16.65999984741211,bad sector
2001-10-29,16.290000915527344,bad sector
2001-11-05,16.459999084472656,bad sector
2001-11-12,17.049999237060547,bad sector
2001-11-19,17.8799991607666,bad sector
2001-11-26,18.940000534057617,bad sector
2001-12-03,17.1299991607666,bad sector
2001-12-10,16.100000381469727,bad sector
2001-12-17,15.449999809265137,bad sector
2001-12-24,15.949999809265137,volume
2001-12-31,16.940000534057617,bad sector
2002-01-07,15.5,volume
2002-01-14,14.5,bad sector
2002-01-21,14.609999656677246,bad sector
2002-01-28,14.899999618530273,volume
2002-02-04,14.380000114440918,bad sector
2002-02-11,14.619999885559082,bad sector
2002-02-18,14.579999923706055,bad sector
2002-02-25,15.640000343322754,volume
2002-03-04,16.809999465942383,volume
2002-03-11,16.93000030517578,volume
2002-03-18,16.670000076293945,volume
2002-03-25,16.489999771118164,volume
2002-04-01,15.050000190734863,volume
2002-04-08,15.34000015258789,volume
2002-04-15,16.360000610351562,volume
2002-04-22,16.299999237060547,volume
2002-04-29,16.09000015258789,volume
2002-05-06,15.829999923706055,bearish
2002-05-13,16.719999313354492,volume
2002-05-20,17.739999771118164,volume
2002-05-27,17.649999618530273,bearish
2002-06-03,16.549999237060547,bad sector
2002-06-10,15.890000343322754,bad sector
2002-06-17,15.520000457763672,bad sector
2002-06-24,16.0,bad sector
2002-07-01,15.6899995803833,bad sector
2002-07-08,12.609999656677246,bad sector
2002-07-15,12.390000343322754,bad sector
2002-07-22,12.600000381469727,bad sector
2002-07-29,12.449999809265137,bad sector
2002-08-05,11.84000015258789,bad sector
2002-08-12,11.390000343322754,bad sector
2002-08-19,11.779999732971191,bad sector
2002-08-26,11.770000457763672,bad sector
2002-09-02,10.199999809265137,bad sector
2002-09-09,10.649999618530273,bad sector
2002-09-16,9.770000457763672,bad sector
2002-09-23,9.630000114440918,bad sector
2002-09-30,8.65999984741211,bad sector
2002-10-07,8.319999694824219,bad sector
2002-10-14,8.260000228881836,bad sector
2002-10-21,8.720000267028809,bad sector
2002-10-28,8.430000305175781,bad sector
2002-11-04,8.739999771118164,bad sector
2002-11-11,8.649999618530273,bad sector
2002-11-18,10.210000038146973,bad sector
2002-11-25,11.380000114440918,bad sector
2002-12-02,9.880000114440918,bad sector
2002-12-09,9.699999809265137,bad sector
2002-12-16,9.779999732971191,bad sector
2002-12-23,9.579999923706055,bad sector
2002-12-30,9.680000305175781,bad sector
2003-01-06,10.5,bad sector
2003-01-13,10.15999984741211,bad sector
2003-01-20,9.75,bad sector
2003-01-27,9.109999656677246,bad sector
2003-02-03,8.800000190734863,bad sector
2003-02-10,8.6899995803833,bad sector
2003-02-17,8.4399995803833,bad sector
2003-02-24,8.319999694824219,bad sector
2003-03-03,7.21999979019165,bad sector
2003-03-10,6.760000228881836,bad sector
2003-03-17,8.020000457763672,bad sector
2003-03-24,7.409999847412109,bad sector
2003-03-31,7.889999866485596,bad sector
2003-04-07,8.100000381469727,bad sector
2003-04-14,9.40999984741211,bad sector
2003-04-21,9.960000038146973,bad sector
2003-04-28,10.039999961853027,bad sector
2003-05-05,9.890000343322754,bad sector
2003-05-12,10.020000457763672,bad sector
2003-05-19,9.5600004196167,bad sector
2003-05-26,10.5,bad sector
2003-06-02,10.710000038146973,bad sector
2003-06-09,10.970000267028809,bad sector
2003-06-16,11.520000457763672,bad sector
2003-06-23,11.029999732971191,bad sector
2003-06-30,10.869999885559082,bad sector
2003-07-07,11.289999961853027,bad sector
2003-07-14,10.989999771118164,bad sector
2003-07-21,10.970000267028809,volume
2003-07-28,10.899999618530273,volume
2003-08-04,10.710000038146973,volume
2003-08-11,10.770000457763672,volume
2003-08-18,11.229999542236328,volume
2003-08-25,11.5600004196167,volume
2003-09-01,11.729999542236328,volume
2003-09-08,11.600000381469727,volume
2003-09-15,11.510000228881836,volume
2003-09-22,11.0,bad sector
2003-09-29,11.40999984741211,volume
2003-10-06,11.699999809265137,volume
2003-10-13,12.130000114440918,bad sector
2003-10-20,11.899999618530273,bad sector
2003-10-27,12.130000114440918,bad sector
2003-11-03,12.1899995803833,bad sector
2003-11-10,12.960000038146973,bad sector
2003-11-17,12.350000381469727,bad sector
2003-11-24,13.199999809265137,bad sector
2003-12-01,12.970000267028809,bad sector
2003-12-08,13.720000267028809,bad sector
2003-12-15,15.239999771118164,bad sector
2003-12-22,16.18000030517578,bad sector
2003-12-29,16.079999923706055,bad sector
2004-01-05,16.559999465942383,bad sector
2004-01-12,16.1299991607666,bad sector
2004-01-19,15.829999923706055,bad sector
2004-01-26,14.539999961853027,bad sector
2004-02-02,14.279999732971191,bad sector
2004-02-09,14.359999656677246,bad sector
2004-02-16,14.170000076293945,bad sector
2004-02-23,13.75,bad sector
2004-03-01,14.100000381469727,bad sector
2004-03-08,13.289999961853027,bad sector
2004-03-15,13.0600004196167,bad sector
2004-03-22,13.279999732971191,bad sector
2004-03-29,13.65999984741211,bad sector
2004-04-05,13.59000015258789,bad sector
2004-04-12,13.34000015258789,bad sector
2004-04-19,15.699999809265137,bad sector
2004-04-26,15.359999656677246,bad sector
2004-05-03,14.399999618530273,bad sector
2004-05-10,14.699999809265137,bad sector
2004-05-17,14.239999771118164,bad sector
2004-05-24,14.850000381469727,bad sector
2004-05-31,14.90999984741211,bad sector
2004-06-07,15.579999923706055,bad sector
2004-06-14,15.890000343322754,bad sector
2004-06-21,15.850000381469727,bad sector
2004-06-28,14.949999809265137,bad sector
2004-07-05,15.15999984741211,bad sector
2004-07-12,14.850000381469727,bad sector
2004-07-19,14.670000076293945,bad sector
2004-07-26,14.720000267028809,bad sector
2004-08-02,14.069999694824219,bad sector
2004-08-09,13.800000190734863,bad sector
2004-08-16,14.109999656677246,bad sector
2004-08-23,14.119999885559082,bad sector
2004-08-30,14.210000038146973,bad sector
2004-09-06,13.960000038146973,bad sector
2004-09-13,14.220000267028809,bad sector
2004-09-20,13.800000190734863,bad sector
2004-09-27,14.1899995803833,bad sector
2004-10-04,13.949999809265137,bad sector
2004-10-11,13.25,bad sector
2004-10-18,12.970000267028809,bad sector
2004-10-25,13.029999732971191,bad sector
2004-11-01,13.8100004196167,bad sector
2004-11-08,14.229999542236328,bad sector
2004-11-15,14.149999618530273,bad sector
2004-11-22,14.25,bad sector
2004-11-29,14.3100004196167,bad sector
2004-12-06,14.220000267028809,bad sector
2004-12-13,14.34000015258789,bad sector
2004-12-20,14.800000190734863,bad sector
2004-12-27,14.640000343322754,bad sector
2005-01-03,14.649999618530273,bad sector
2005-01-10,14.0600004196167,bad sector
2005-01-17,13.109999656677246,bad sector
2005-01-24,13.140000343322754,bad sector
2005-01-31,13.220000267028809,bad sector
2005-02-07,13.0600004196167,bad sector
2005-02-14,12.960000038146973,bad sector
2005-02-21,13.0,bad sector
2005-02-28,12.399999618530273,bad sector
2005-03-07,12.390000343322754,bad sector
2005-03-14,11.390000343322754,bad sector
2005-03-21,11.289999961853027,bad sector
2005-03-28,11.180000305175781,bad sector
2005-04-04,11.029999732971191,bad sector
2005-04-11,9.5,bad sector
2005-04-18,9.890000343322754,bad sector
2005-04-25,9.109999656677246,bad sector
2005-05-02,9.760000228881836,bad sector
2005-05-09,9.300000190734863,bad sector
2005-05-16,10.0,bad sector
2005-05-23,10.069999694824219,bad sector
2005-05-30,9.899999618530273,bad sector
2005-06-06,10.329999923706055,bad sector
2005-06-13,11.279999732971191,bad sector
2005-06-20,10.210000038146973,bad sector
2005-06-27,10.3100004196167,bad sector
2005-07-04,10.420000076293945,bad sector
2005-07-11,11.0,bad sector
2005-07-18,10.720000267028809,bad sector
2005-07-25,10.739999771118164,bad sector
2005-08-01,10.359999656677246,bad sector
2005-08-08,10.140000343322754,bad sector
2005-08-15,9.760000228881836,bad sector
2005-08-22,9.770000457763672,bad sector
2005-08-29,9.859999656677246,bad sector
2005-09-05,9.899999618530273,bad sector
2005-09-12,9.930000305175781,bad sector
2005-09-19,9.789999961853027,bad sector
2005-09-26,9.859999656677246,bad sector
2005-10-03,9.229999542236328,bad sector
2005-10-10,8.609999656677246,bad sector
2005-10-17,8.25,bad sector
2005-10-24,8.020000457763672,bad sector
2005-10-31,8.289999961853027,bad sector
2005-11-07,7.96999979019165,bad sector
2005-11-14,8.399999618530273,bad sector
2005-11-21,8.319999694824219,bad sector
2005-11-28,8.149999618530273,bad sector
2005-12-05,8.180000305175781,bad sector
2005-12-12,8.300000190734863,bad sector
2005-12-19,7.900000095367432,bad sector
2005-12-26,7.71999979019165,bad sector
2006-01-02,8.520000457763672,bad sector
2006-01-09,8.550000190734863,bad sector
2006-01-16,7.900000095367432,bad sector
2006-01-23,8.649999618530273,bad sector
2006-01-30,8.260000228881836,bad sector
2006-02-06,8.270000457763672,bad sector
2006-02-13,8.449999809265137,bad sector
2006-02-20,8.100000381469727,bad sector
2006-02-27,7.570000171661377,bad sector
2006-03-06,7.840000152587891,bad sector
2006-03-13,7.809999942779541,bad sector
2006-03-20,8.09000015258789,bad sector
2006-03-27,7.960000038146973,bad sector
2006-04-03,7.599999904632568,bad sector
2006-04-10,7.349999904632568,bad sector
2006-04-17,7.320000171661377,bad sector
2006-04-24,6.949999809265137,bad sector
2006-05-01,6.929999828338623,bad sector
2006-05-08,7.110000133514404,bad sector
2006-05-15,7.03000020980835,bad sector
2006-05-22,7.309999942779541,bad sector
2006-05-29,7.099999904632568,bad sector
2006-06-05,6.760000228881836,bad sector
2006-06-12,6.690000057220459,bad sector
2006-06-19,6.519999980926514,bad sector
2006-06-26,6.929999828338623,bad sector
2006-07-03,6.730000019073486,bad sector
2006-07-10,6.380000114440918,bad sector
2006-07-17,6.28000020980835,bad sector
2006-07-24,6.889999866485596,bad sector
2006-07-31,7.130000114440918,bad sector
2006-08-07,7.369999885559082,bad sector
2006-08-14,8.0,bad sector
2006-08-21,8.0,bad sector
2006-08-28,8.270000457763672,bad sector
2006-09-04,8.770000457763672,bad sector
2006-09-11,8.020000457763672,bad sector
2006-09-18,8.0,bad sector
2006-09-25,8.09000015258789,bad sector
2006-10-02,8.3100004196167,bad sector
2006-10-09,8.170000076293945,bad sector
2006-10-16,8.010000228881836,bad sector
2006-10-23,8.289999961853027,bad sector
2006-10-30,8.380000114440918,bad sector
2006-11-06,8.579999923706055,bad sector
2006-11-13,8.890000343322754,bad sector
2006-11-20,8.520000457763672,bad sector
2006-11-27,8.039999961853027,bad sector
2006-12-04,7.230000019073486,bad sector
2006-12-11,7.079999923706055,bad sector
2006-12-18,7.420000076293945,bad sector
2006-12-25,7.510000228881836,bad sector
2007-01-01,7.619999885559082,bad sector
2007-01-08,7.889999866485596,bad sector
2007-01-15,8.300000190734863,bad sector
2007-01-22,8.420000076293945,bad sector
2007-01-29,8.229999542236328,bad sector
2007-02-05,8.729999542236328,volume
2007-02-12,8.529999732971191,volume
2007-02-19,8.300000190734863,volume
2007-02-26,7.590000152587891,volume
2007-03-05,7.929999828338623,volume
2007-03-12,7.550000190734863,bad sector
2007-03-19,7.889999866485596,volume
2007-03-26,7.889999866485596,bad sector
2007-04-02,8.010000228881836,bad sector
2007-04-09,8.020000457763672,bad sector
2007-04-16,7.75,bad sector
2007-04-23,8.050000190734863,bad sector
2007-04-30,8.220000267028809,bad sector
2007-05-07,8.369999885559082,bad sector
2007-05-14,8.6899995803833,bad sector
2007-05-21,8.449999809265137,bad sector
2007-05-28,8.350000381469727,bad sector
2007-06-04,8.239999771118164,bad sector
2007-06-11,8.920000076293945,bad sector
2007-06-18,9.130000114440918,bad sector
2007-06-25,9.420000076293945,bad sector
2007-07-02,9.109999656677246,bad sector
2007-07-09,8.970000267028809,bad sector
2007-07-16,8.399999618530273,bad sector
2007-07-23,8.229999542236328,bad sector
2007-07-30,8.0600004196167,bad sector
2007-08-06,8.229999542236328,bad sector
2007-08-13,7.829999923706055,bad sector
2007-08-20,7.900000095367432,bad sector
2007-08-27,7.809999942779541,bad sector
2007-09-03,7.519999980926514,bad sector
2007-09-10,8.029999732971191,bad sector
2007-09-17,8.229999542236328,bad sector
2007-09-24,8.489999771118164,bad sector
2007-10-01,8.369999885559082,bad sector
2007-10-08,9.199999809265137,bad sector
2007-10-15,8.369999885559082,bad sector
2007-10-22,8.670000076293945,bad sector
2007-10-29,8.949999809265137,bad sector
2007-11-05,8.199999809265137,bad sector
2007-11-12,7.699999809265137,bad sector
2007-11-19,7.190000057220459,bad sector
2007-11-26,7.510000228881836,bad sector
2007-12-03,7.059999942779541,bad sector
2007-12-10,6.889999866485596,bad sector
2007-12-17,6.789999961853027,bad sector
2007-12-24,6.699999809265137,bad sector
2007-12-31,6.130000114440918,bad sector
2008-01-07,6.059999942779541,bad sector
2008-01-14,5.920000076293945,bad sector
2008-01-21,6.579999923706055,bad sector
2008-01-28,6.849999904632568,bad sector
2008-02-04,6.079999923706055,bad sector
2008-02-11,6.449999809265137,bad sector
2008-02-18,6.25,bad sector
2008-02-25,6.53000020980835,bad sector
2008-03-03,5.78000020980835,bad sector
2008-03-10,5.289999961853027,bad sector
2008-03-17,5.619999885559082,bad sector
2008-03-24,5.590000152587891,bad sector
2008-03-31,6.489999771118164,bad sector
2008-04-07,6.690000057220459,bad sector
2008-04-14,7.449999809265137,bad sector
2008-04-21,7.5,bad sector
2008-04-28,8.270000457763672,bad sector
2008-05-05,8.100000381469727,bad sector
2008-05-12,8.109999656677246,bad sector
2008-05-19,6.869999885559082,bad sector
2008-05-26,6.800000190734863,bad sector
2008-06-02,6.039999961853027,bad sector
2008-06-09,6.269999980926514,bad sector
2008-06-16,5.809999942779541,bad sector
2008-06-23,4.980000019073486,bad sector
2008-06-30,4.420000076293945,bad sector
2008-07-07,4.860000133514404,bad sector
2008-07-14,5.440000057220459,bad sector
2008-07-21,5.050000190734863,bad sector
2008-07-28,4.650000095367432,bad sector
2008-08-04,5.260000228881836,bad sector
2008-08-11,5.110000133514404,volume
2008-08-18,4.46999979019165,bad sector
2008-08-25,4.460000038146973,bad sector
2008-09-01,4.409999847412109,bad sector
2008-09-08,4.909999847412109,bad sector
2008-09-15,5.289999961853027,bad sector
2008-09-22,4.809999942779541,bad sector
2008-09-29,4.050000190734863,bad sector
2008-10-06,1.9900000095367432,bad sector
2008-10-13,2.430000066757202,bad sector
2008-10-20,2.009999990463257,bad sector
2008-10-27,2.190000057220459,bad sector
2008-11-03,2.0199999809265137,bad sector
2008-11-10,1.7999999523162842,bad sector
2008-11-17,1.4299999475479126,bad sector
2008-11-24,2.690000057220459,bad sector
2008-12-01,2.7200000286102295,bad sector
2008-12-08,3.0399999618530273,bad sector
2008-12-15,2.950000047683716,bad sector
2008-12-22,2.2899999618530273,bad sector
2008-12-29,2.4600000381469727,bad sector
2009-01-05,2.630000114440918,bad sector
2009-01-12,2.190000057220459,bad sector
2009-01-19,1.7999999523162842,bad sector
2009-01-26,1.8700000047683716,bad sector
2009-02-02,1.940000057220459,bad sector
2009-02-09,1.7599999904632568,bad sector
2009-02-16,1.5800000429153442,bad sector
2009-02-23,2.0,bad sector
2009-03-02,1.7000000476837158,bad sector
2009-03-09,2.190000057220459,bad sector
2009-03-16,2.75,bad sector
2009-03-23,2.8399999141693115,bad sector
2009-03-30,3.25,bad sector
2009-04-06,4.239999771118164,bad sector
2009-04-13,4.0,bad sector
2009-04-20,5.0,bad sector
2009-04-27,5.690000057220459,bad sector
2009-05-04,6.239999771118164,bad sector
2009-05-11,5.489999771118164,bad sector
2009-05-18,5.260000228881836,volume
2009-05-25,5.75,bad sector
2009-06-01,6.360000133514404,volume
2009-06-08,6.110000133514404,volume
2009-06-15,5.71999979019165,volume
2009-06-22,5.610000133514404,volume
2009-06-29,5.889999866485596,bad sector
2009-07-06,5.71999979019165,bad sector
2009-07-13,6.139999866485596,bad sector
2009-07-20,6.78000020980835,volume
2009-07-27,8.0,bad sector
2009-08-03,8.010000228881836,volume
2009-08-10,7.829999923706055,bad sector
2009-08-17,7.739999771118164,volume
2009-08-24,7.730000019073486,volume
2009-08-31,7.429999828338623,volume
2009-09-07,7.329999923706055,volume
2009-09-14,6.940000057220459,volume
2009-09-21,7.289999961853027,volume
2009-09-28,6.840000152587891,volume
2009-10-05,7.119999885559082,volume
2009-10-12,7.420000076293945,volume
2009-10-19,7.630000114440918,volume
2009-10-26,7.0,bad sector
2009-11-02,7.75,bad sector
2009-11-09,8.40999984741211,bad sector
2009-11-16,8.640000343322754,bad sector
2009-11-23,8.729999542236328,bad sector
2009-11-30,8.9399995803833,bad sector
2009-12-07,9.0,volume
2009-12-14,9.680000305175781,bad sector
2009-12-21,10.130000114440918,volume
2009-12-28,10.0,bad sector
2010-01-04,11.6899995803833,bad sector
2010-01-11,11.600000381469727,bad sector
2010-01-18,10.520000457763672,volume
2010-01-25,10.84000015258789,volume
2010-02-01,10.90999984741211,volume
2010-02-08,11.119999885559082,volume
2010-02-15,11.289999961853027,volume
2010-02-22,11.739999771118164,volume
2010-03-01,13.0,bad sector
2010-03-08,13.34000015258789,volume
2010-03-15,13.289999961853027,volume
2010-03-22,13.859999656677246,volume
2010-03-29,12.630000114440918,volume
2010-04-05,12.720000267028809,volume
2010-04-12,13.420000076293945,volume
2010-04-19,14.210000038146973,volume
2010-04-26,13.020000457763672,volume
2010-05-03,11.510000228881836,volume
2010-05-10,12.109999656677246,volume
2010-05-17,11.260000228881836,volume
2010-05-24,11.729999542236328,volume
2010-05-31,11.5,bearish
2010-06-07,11.399999618530273,volume
2010-06-14,11.460000038146973,volume
2010-06-21,10.75,bad sector
2010-06-28,10.279999732971191,bad sector
2010-07-05,10.850000381469727,bad sector
2010-07-12,11.34000015258789,bad sector
2010-07-19,12.720000267028809,bad sector
2010-07-26,12.770000457763672,bad sector
2010-08-02,13.039999961853027,bad sector
2010-08-09,12.149999618530273,bad sector
2010-08-16,11.770000457763672,bad sector
2010-08-23,11.5600004196167,bad sector
2010-08-30,12.069999694824219,volume
2010-09-06,11.789999961853027,bad sector
2010-09-13,12.489999771118164,bad sector
2010-09-20,12.5600004196167,bad sector
2010-09-27,12.260000228881836,bad sector
2010-10-04,13.65999984741211,bad sector
2010-10-11,13.800000190734863,bad sector
2010-10-18,13.949999809265137,bad sector
2010-10-25,14.130000114440918,bad sector
2010-11-01,16.209999084472656,bad sector
2010-11-08,16.299999237060547,bad sector
2010-11-15,16.280000686645508,bad sector
2010-11-22,16.100000381469727,bad sector
2010-11-29,16.799999237060547,bad sector
2010-12-06,16.729999542236328,bad sector
2010-12-13,16.799999237060547,bad sector
2010-12-20,16.780000686645508,bad sector
2010-12-27,16.790000915527344,bad sector
2011-01-03,18.270000457763672,bad sector
2011-01-10,18.649999618530273,bad sector
2011-01-17,17.950000762939453,bad sector
2011-01-24,16.270000457763672,bad sector
2011-01-31,15.720000267028809,bad sector
2011-02-07,16.3799991607666,bad sector
2011-02-14,15.770000457763672,bad sector
2011-02-21,15.069999694824219,bad sector
2011-02-28,14.420000076293945,bad sector
2011-03-07,14.359999656677246,bad sector
2011-03-14,14.489999771118164,bad sector
2011-03-21,15.010000228881836,bad sector
2011-03-28,15.15999984741211,bad sector
2011-04-04,15.329999923706055,bad sector
2011-04-11,14.710000038146973,bad sector
2011-04-18,15.430000305175781,bad sector
2011-04-25,15.470000267028809,bad sector
2011-05-02,15.109999656677246,bad sector
2011-05-09,15.079999923706055,bad sector
2011-05-16,15.0,bad sector
2011-05-23,14.600000381469727,bad sector
2011-05-30,14.010000228881836,bad sector
2011-06-06,13.350000381469727,bad sector
2011-06-13,12.770000457763672,bad sector
2011-06-20,13.239999771118164,bad sector
2011-06-27,14.020000457763672,bad sector
2011-07-04,13.880000114440918,bad sector
2011-07-11,13.09000015258789,bad sector
2011-07-18,13.3100004196167,bad sector
2011-07-25,12.210000038146973,bad sector
2011-08-01,10.84000015258789,bad sector
2011-08-08,11.0600004196167,bad sector
2011-08-15,9.989999771118164,bad sector
2011-08-22,10.399999618530273,bad sector
2011-08-29,10.420000076293945,bad sector
2011-09-05,10.050000190734863,bad sector
2011-09-12,10.619999885559082,bad sector
2011-09-19,9.859999656677246,bad sector
2011-09-26,9.670000076293945,bad sector
2011-10-03,10.6899995803833,bad sector
2011-10-10,11.5600004196167,bad sector
2011-10-17,12.260000228881836,bad sector
2011-10-24,12.0,bad sector
2011-10-31,11.270000457763672,bad sector
2011-11-07,11.140000343322754,bad sector
2011-11-14,10.100000381469727,bad sector
2011-11-21,9.75,bad sector
2011-11-28,10.899999618530273,bad sector
2011-12-05,11.029999732971191,bad sector
2011-12-12,10.25,bad sector
2011-12-19,10.949999809265137,bad sector
2011-12-26,10.760000228881836,bad sector
2012-01-02,11.710000038146973,bad sector
2012-01-09,12.039999961853027,bad sector
2012-01-16,12.59000015258789,bad sector
2012-01-23,12.210000038146973,bad sector
2012-01-30,12.789999961853027,bad sector
2012-02-06,12.4399995803833,bad sector
2012-02-13,12.75,bad sector
2012-02-20,12.229999542236328,bad sector
2012-02-27,12.720000267028809,bad sector
2012-03-05,12.579999923706055,bad sector
2012-03-12,12.510000228881836,bad sector
2012-03-19,12.319999694824219,bad sector
2012-03-26,12.479999542236328,bad sector
2012-04-02,12.470000267028809,bad sector
2012-04-09,11.920000076293945,bad sector
2012-04-16,11.40999984741211,bad sector
2012-04-23,11.600000381469727,bad sector
2012-04-30,10.670000076293945,bad sector
2012-05-07,10.579999923706055,bad sector
2012-05-14,10.010000228881836,bad sector
2012-05-21,10.600000381469727,bad sector
2012-05-28,10.119999885559082,bad sector
2012-06-04,10.65999984741211,bad sector
2012-06-11,10.350000381469727,bad sector
2012-06-18,10.1899995803833,bad sector
2012-06-25,9.59000015258789,bad sector
2012-07-02,9.5,bad sector
2012-07-09,9.270000457763672,bad sector
2012-07-16,9.210000038146973,bad sector
2012-07-23,9.0,bad sector
2012-07-30,9.09000015258789,bad sector
2012-08-06,9.350000381469727,bad sector
2012-08-13,9.630000114440918,bad sector
2012-08-20,9.489999771118164,bad sector
2012-08-27,9.34000015258789,bad sector
2012-09-03,10.140000343322754,bad sector
2012-09-10,10.529999732971191,bad sector
2012-09-17,10.399999618530273,bad sector
2012-09-24,9.859999656677246,bad sector
2012-10-01,10.15999984741211,bad sector
2012-10-08,10.119999885559082,bad sector
2012-10-15,10.180000305175781,bad sector
2012-10-22,10.359999656677246,bad sector
2012-10-29,11.170000076293945,bad sector
2012-11-05,10.930000305175781,bad sector
2012-11-12,10.5,bad sector
2012-11-19,11.100000381469727,bad sector
2012-11-26,11.449999809265137,bad sector
2012-12-03,11.479999542236328,bad sector
2012-12-10,11.100000381469727,bad sector
2012-12-17,11.859999656677246,bad sector
2012-12-24,12.869999885559082,bad sector
2012-12-31,13.569999694824219,bad sector
2013-01-07,14.0,bad sector
2013-01-14,14.109999656677246,bad sector
2013-01-21,13.680000305175781,bad sector
2013-01-28,13.020000457763672,bad sector
2013-02-04,13.100000381469727,bad sector
2013-02-11,13.020000457763672,bad sector
2013-02-18,12.479999542236328,bad sector
2013-02-25,12.609999656677246,bad sector
2013-03-04,12.979999542236328,volume
2013-03-11,13.449999809265137,bad sector
2013-03-18,13.260000228881836,bad sector
2013-03-25,13.149999618530273,bad sector
2013-04-01,12.4399995803833,bad sector
2013-04-08,13.529999732971191,bad sector
2013-04-15,12.930000305175781,bad sector
2013-04-22,13.670000076293945,bad sector
2013-04-29,13.829999923706055,bad sector
2013-05-06,14.109999656677246,volume
2013-05-13,15.079999923706055,bad sector
2013-05-20,14.789999961853027,bad sector
2013-05-27,15.680000305175781,bad sector
2013-06-03,15.729999542236328,bad sector
2013-06-10,15.369999885559082,bad sector
2013-06-17,15.0,bad sector
2013-06-24,15.470000267028809,bad sector
2013-07-01,16.700000762939453,bad sector
2013-07-08,17.110000610351562,volume
2013-07-15,16.760000228881836,volume
2013-07-22,17.020000457763672,bad sector
2013-07-29,17.5,volume
2013-08-05,17.020000457763672,volume
2013-08-12,16.299999237060547,bad sector
2013-08-19,16.450000762939453,bad sector
2013-08-26,16.190000534057617,bad sector
2013-09-02,17.0,bad sector
2013-09-09,17.350000381469727,bad sector
2013-09-16,17.389999389648438,volume
2013-09-23,17.049999237060547,volume
2013-09-30,17.09000015258789,bad sector
2013-10-07,17.110000610351562,bad sector
2013-10-14,17.530000686645508,bad sector
2013-10-21,17.600000381469727,bad sector
2013-10-28,16.889999389648438,bad sector
2013-11-04,16.850000381469727,bad sector
2013-11-11,17.06999969482422,bad sector
2013-11-18,17.010000228881836,bad sector
2013-11-25,17.079999923706055,bad sector
2013-12-02,16.700000762939453,bad sector
2013-12-09,16.59000015258789,bad sector
2013-12-16,15.420000076293945,bad sector
2013-12-23,15.300000190734863,bad sector
2013-12-30,15.510000228881836,bad sector
2014-01-06,16.06999969482422,bad sector
2014-01-13,16.520000457763672,bad sector
2014-01-20,15.829999923706055,bad sector
2014-01-27,14.960000038146973,bad sector
2014-02-03,14.970000267028809,bad sector
2014-02-10,15.239999771118164,bad sector
2014-02-17,15.15999984741211,bad sector
2014-02-24,15.390000343322754,bad sector
2014-03-03,15.619999885559082,bad sector
2014-03-10,15.079999923706055,bad sector
2014-03-17,15.470000267028809,bad sector
2014-03-24,15.449999809265137,bad sector
2014-03-31,16.1299991607666,bad sector
2014-04-07,15.630000114440918,bad sector
2014-04-14,16.0,bad sector
2014-04-21,15.779999732971191,bad sector
2014-04-28,15.899999618530273,bad sector
2014-05-05,15.770000457763672,bad sector
2014-05-12,15.760000228881836,bad sector
2014-05-19,16.020000457763672,bad sector
2014-05-26,16.440000534057617,bad sector
2014-06-02,17.079999923706055,bad sector
2014-06-09,16.559999465942383,bad sector
2014-06-16,16.670000076293945,bad sector
2014-06-23,17.280000686645508,bad sector
2014-06-30,17.31999969482422,bad sector
2014-07-07,17.469999313354492,bad sector
2014-07-14,17.719999313354492,bad sector
2014-07-21,17.6200008392334,bad sector
2014-07-28,16.809999465942383,bad sector
2014-08-04,17.09000015258789,bad sector
2014-08-11,17.309999465942383,bad sector
2014-08-18,17.170000076293945,bad sector
2014-08-25,17.40999984741211,bad sector
2014-09-01,17.139999389648438,bad sector
2014-09-08,16.59000015258789,bad sector
2014-09-15,16.649999618530273,bad sector
2014-09-22,16.329999923706055,bad sector
2014-09-29,14.59000015258789,bad sector
2014-10-06,13.789999961853027,bad sector
2014-10-13,14.020000457763672,bad sector
2014-10-20,13.779999732971191,bad sector
2014-10-27,14.09000015258789,bad sector
2014-11-03,14.170000076293945,bad sector
2014-11-10,15.140000343322754,bad sector
2014-11-17,15.430000305175781,bad sector
2014-11-24,15.729999542236328,bad sector
2014-12-01,15.699999809265137,bad sector
2014-12-08,14.989999771118164,bad sector
2014-12-15,15.029999732971191,bad sector
2014-12-22,15.449999809265137,bad sector
2014-12-29,15.359999656677246,bad sector
2015-01-05,15.210000038146973,bad sector
2015-01-12,15.020000457763672,bad sector
2015-01-19,14.90999984741211,bad sector
2015-01-26,14.710000038146973,bad sector
2015-02-02,15.859999656677246,bad sector
2015-02-09,16.299999237060547,bad sector
2015-02-16,16.399999618530273,bad sector
2015-02-23,16.34000015258789,bad sector
2015-03-02,15.930000305175781,bad sector
2015-03-09,16.200000762939453,bad sector
2015-03-16,16.479999542236328,bad sector
2015-03-23,15.979999542236328,bad sector
2015-03-30,16.030000686645508,bad sector
2015-04-06,16.030000686645508,bad sector
2015-04-13,15.760000228881836,bad sector
2015-04-20,15.770000457763672,volume
2015-04-27,15.8100004196167,bad sector
2015-05-04,15.670000076293945,volume
2015-05-11,15.479999542236328,bad sector
2015-05-18,15.270000457763672,volume
2015-05-25,15.170000076293945,volume
2015-06-01,14.779999732971191,volume
2015-06-08,15.229999542236328,volume
2015-06-15,15.109999656677246,volume
2015-06-22,15.399999618530273,bad sector
2015-06-29,14.869999885559082,volume
2015-07-06,14.479999542236328,bad sector
2015-07-13,14.6899995803833,volume
2015-07-20,14.390000343322754,volume
2015-07-27,14.829999923706055,volume
2015-08-03,14.800000190734863,volume
2015-08-10,14.779999732971191,volume
2015-08-17,13.859999656677246,bad sector
2015-08-24,13.739999771118164,bad sector
2015-08-31,13.5600004196167,bad sector
2015-09-07,13.710000038146973,bad sector
2015-09-14,14.279999732971191,bad sector
2015-09-21,13.529999732971191,bad sector
2015-09-28,13.989999771118164,bad sector
2015-10-05,14.970000267028809,bad sector
2015-10-12,15.279999732971191,bad sector
2015-10-19,15.670000076293945,bad sector
2015-10-26,14.8100004196167,bad sector
2015-11-02,14.520000457763672,bad sector
2015-11-09,13.920000076293945,bad sector
2015-11-16,14.600000381469727,bad sector
2015-11-23,14.529999732971191,volume
2015-11-30,14.199999809265137,bad sector
2015-12-07,13.640000343322754,bad sector
2015-12-14,13.800000190734863,bad sector
2015-12-21,14.3100004196167,bad sector
2015-12-28,14.09000015258789,bad sector
2016-01-04,12.539999961853027,bad sector
2016-01-11,11.970000267028809,bad sector
2016-01-18,12.140000343322754,bad sector
2016-01-25,11.9399995803833,bad sector
2016-02-01,11.449999809265137,bad sector
2016-02-08,11.550000190734863,bad sector
2016-02-15,12.100000381469727,bad sector
2016-02-22,12.470000267028809,bad sector
2016-02-29,13.59000015258789,bad sector
2016-03-07,13.289999961853027,bad sector
2016-03-14,13.640000343322754,bad sector
2016-03-21,13.0600004196167,bad sector
2016-03-28,13.100000381469727,bad sector
2016-04-04,12.550000190734863,bad sector
2016-04-11,12.9399995803833,bad sector
2016-04-18,13.609999656677246,bad sector
2016-04-25,13.5600004196167,bad sector
2016-05-02,13.4399995803833,bad sector
2016-05-09,13.220000267028809,bad sector
2016-05-16,13.1899995803833,bad sector
2016-05-23,13.449999809265137,bad sector
2016-05-30,13.039999961853027,bad sector
2016-06-06,13.100000381469727,bad sector
2016-06-13,13.260000228881836,bad sector
2016-06-20,12.520000457763672,bad sector
2016-06-27,12.720000267028809,bad sector
2016-07-04,13.09000015258789,bad sector
2016-07-11,13.569999694824219,bad sector
2016-07-18,13.84000015258789,bad sector
2016-07-25,12.65999984741211,bad sector
2016-08-01,12.1899995803833,bad sector
2016-08-08,12.329999923706055,bad sector
2016-08-15,12.390000343322754,bad sector
2016-08-22,12.380000114440918,bad sector
2016-08-29,12.5,bad sector
2016-09-05,12.380000114440918,bad sector
2016-09-12,12.109999656677246,bad sector
2016-09-19,12.170000076293945,bad sector
2016-09-26,12.069999694824219,bad sector
2016-10-03,12.289999961853027,bad sector
2016-10-10,11.90999984741211,bad sector
2016-10-17,12.020000457763672,bad sector
2016-10-24,11.720000267028809,bad sector
2016-10-31,11.34000015258789,bad sector
2016-11-07,12.279999732971191,bad sector
2016-11-14,11.760000228881836,bad sector
2016-11-21,12.039999961853027,bad sector
2016-11-28,12.239999771118164,bad sector
2016-12-05,13.170000076293945,bad sector
2016-12-12,12.630000114440918,bad sector
2016-12-19,12.460000038146973,bad sector
2016-12-26,12.130000114440918,bad sector
2017-01-02,12.760000228881836,bad sector
2017-01-09,12.630000114440918,bad sector
2017-01-16,12.359999656677246,bad sector
2017-01-23,12.489999771118164,bad sector
2017-01-30,12.5600004196167,bad sector
2017-02-06,12.510000228881836,bad sector
2017-02-13,12.579999923706055,bad sector
2017-02-20,12.470000267028809,bad sector
2017-02-27,12.649999618530273,bad sector
2017-03-06,12.529999732971191,bad sector
2017-03-13,12.479999542236328,bad sector
2017-03-20,11.619999885559082,bad sector
2017-03-27,11.640000343322754,bad sector
2017-04-03,11.229999542236328,bad sector
2017-04-10,11.109999656677246,bad sector
2017-04-17,11.34000015258789,bad sector
2017-04-24,11.470000267028809,bad sector
2017-05-01,11.140000343322754,bad sector
2017-05-08,10.920000076293945,bad sector
2017-05-15,10.869999885559082,bad sector
2017-05-22,10.930000305175781,bad sector
2017-05-29,11.350000381469727,bad sector
2017-06-05,11.130000114440918,bad sector
2017-06-12,11.220000267028809,bad sector
2017-06-19,11.039999961853027,bad sector
2017-06-26,11.1899995803833,bad sector
2017-07-03,11.260000228881836,bad sector
2017-07-10,11.680000305175781,bad sector
2017-07-17,11.529999732971191,bad sector
2017-07-24,11.170000076293945,bad sector
2017-07-31,10.949999809265137,bad sector
2017-08-07,10.770000457763672,bad sector
2017-08-14,10.5600004196167,bad sector
2017-08-21,10.819999694824219,bad sector
2017-08-28,11.350000381469727,bad sector
2017-09-04,11.359999656677246,bad sector
2017-09-11,11.619999885559082,bad sector
2017-09-18,11.84000015258789,bad sector
2017-09-25,11.970000267028809,bad sector
2017-10-02,12.3100004196167,bad sector
2017-10-09,12.050000190734863,bad sector
2017-10-16,12.100000381469727,bad sector
2017-10-23,12.0600004196167,bad sector
2017-10-30,12.359999656677246,bad sector
2017-11-06,12.010000228881836,bad sector
2017-11-13,12.010000228881836,bad sector
2017-11-20,12.100000381469727,bad sector
2017-11-27,12.579999923706055,bad sector
2017-12-04,12.609999656677246,bad sector
2017-12-11,12.579999923706055,bad sector
2017-12-18,12.579999923706055,bad sector
2017-12-25,12.489999771118164,bad sector
2018-01-01,13.199999809265137,bad sector
2018-01-08,13.229999542236328,bad sector
2018-01-15,12.0,bad sector
2018-01-22,11.649999618530273,bad sector
2018-01-29,10.710000038146973,bad sector
2018-02-05,10.529999732971191,bad sector
2018-02-12,10.609999656677246,bad sector
2018-02-19,10.699999809265137,bad sector
2018-02-26,10.399999618530273,bad sector
2018-03-05,10.729999542236328,bad sector
2018-03-12,11.149999618530273,bad sector
2018-03-19,10.5600004196167,bad sector
2018-03-26,11.079999923706055,bad sector
2018-04-02,11.180000305175781,bad sector
2018-04-09,11.279999732971191,bad sector
2018-04-16,10.819999694824219,volume
2018-04-23,11.489999771118164,volume
2018-04-30,11.359999656677246,volume
2018-05-07,11.1899995803833,volume
2018-05-14,11.329999923706055,volume
2018-05-21,11.510000228881836,volume
2018-05-28,11.710000038146973,volume
2018-06-04,12.100000381469727,volume
2018-06-11,11.880000114440918,volume
2018-06-18,11.649999618530273,volume
2018-06-25,11.069999694824219,volume
2018-07-02,11.0600004196167,volume
2018-07-09,10.979999542236328,volume
2018-07-16,10.5600004196167,volume
2018-07-23,9.930000305175781,volume
2018-07-30,10.039999961853027,bad sector
2018-08-06,9.739999771118164,bad sector
2018-08-13,9.550000190734863,bad sector
2018-08-20,9.680000305175781,bad sector
2018-08-27,9.479999542236328,bad sector
2018-09-03,9.270000457763672,bad sector
2018-09-10,9.449999809265137,bad sector
2018-09-17,9.850000381469727,bad sector
2018-09-24,9.25,bad sector
2018-10-01,9.119999885559082,bad sector
2018-10-08,8.640000343322754,bad sector
2018-10-15,8.5,bad sector
2018-10-22,8.979999542236328,bad sector
2018-10-29,9.380000114440918,bad sector
2018-11-05,9.380000114440918,bad sector
2018-11-12,9.050000190734863,bad sector
2018-11-19,9.130000114440918,bad sector
2018-11-26,9.40999984741211,bad sector
2018-12-03,8.819999694824219,bad sector
2018-12-10,8.520000457763672,bad sector
2018-12-17,8.050000190734863,bad sector
2018-12-24,7.809999942779541,bad sector
2018-12-31,8.079999923706055,bad sector
2019-01-07,8.819999694824219,bad sector
2019-01-14,8.579999923706055,bad sector
2019-01-21,8.859999656677246,bad sector
2019-01-28,8.720000267028809,bad sector
2019-02-04,8.390000343322754,bad sector
2019-02-11,8.539999961853027,bad sector
2019-02-18,8.710000038146973,bad sector
2019-02-25,8.789999961853027,bad sector
2019-03-04,8.420000076293945,bad sector
2019-03-11,8.430000305175781,bad sector
2019-03-18,8.539999961853027,bad sector
2019-03-25,8.779999732971191,bad sector
2019-04-01,9.25,bad sector
2019-04-08,9.449999809265137,bad sector
2019-04-15,9.550000190734863,bad sector
2019-04-22,10.40999984741211,bad sector
2019-04-29,10.40999984741211,bad sector
2019-05-06,10.380000114440918,bad sector
2019-05-13,10.289999961853027,bad sector
2019-05-20,9.829999923706055,bad sector
2019-05-27,9.520000457763672,bad sector
2019-06-03,9.760000228881836,bad sector
2019-06-10,9.979999542236328,bad sector
2019-06-17,9.989999771118164,bad sector
2019-06-24,10.229999542236328,bad sector
2019-07-01,10.199999809265137,bad sector
2019-07-08,10.489999771118164,bad sector
2019-07-15,10.199999809265137,bad sector
2019-07-22,9.569999694824219,bad sector
2019-07-29,9.279999732971191,bad sector
2019-08-05,9.449999809265137,bad sector
2019-08-12,8.960000038146973,bad sector
2019-08-19,8.770000457763672,bad sector
2019-08-26,9.170000076293945,bad sector
2019-09-02,9.34000015258789,bad sector
2019-09-09,9.449999809265137,bad sector
2019-09-16,9.170000076293945,bad sector
2019-09-23,9.079999923706055,bad sector
2019-09-30,8.739999771118164,bad sector
2019-10-07,8.779999732971191,bad sector
2019-10-14,9.289999961853027,bad sector
2019-10-21,8.720000267028809,bad sector
2019-10-28,8.890000343322754,bad sector
2019-11-04,9.039999961853027,bad sector
2019-11-11,8.949999809265137,bad sector
2019-11-18,8.890000343322754,bad sector
2019-11-25,9.0600004196167,bad sector
2019-12-02,9.020000457763672,bad sector
2019-12-09,9.229999542236328,bad sector
2019-12-16,9.479999542236328,bad sector
2019-12-23,9.359999656677246,bad sector
2019-12-30,9.210000038146973,bad sector
2020-01-06,9.25,bad sector
2020-01-13,9.15999984741211,bad sector
2020-01-20,9.0,bad sector
2020-01-27,8.819999694824219,bad sector
2020-02-03,8.109999656677246,bad sector
2020-02-10,8.100000381469727,bad sector
2020-02-17,7.889999866485596,bad sector
2020-02-24,6.960000038146973,bad sector
2020-03-02,6.489999771118164,bad sector
2020-03-09,5.630000114440918,bad sector
2020-03-16,4.329999923706055,bad sector
2020-03-23,5.190000057220459,bad sector
2020-03-30,4.239999771118164,bad sector
2020-04-06,5.369999885559082,bad sector
2020-04-13,5.119999885559082,bad sector
2020-04-20,4.869999885559082,bad sector
2020-04-27,4.920000076293945,bad sector
2020-05-04,5.239999771118164,bad sector
2020-05-11,4.900000095367432,bad sector
2020-05-18,5.650000095367432,bad sector
2020-05-25,5.710000038146973,bad sector
2020-06-01,7.340000152587891,bad sector
2020-06-08,6.460000038146973,bad sector
2020-06-15,6.230000019073486,bad sector
2020-06-22,5.909999847412109,bad sector
2020-06-29,6.050000190734863,bad sector
2020-07-06,6.099999904632568,volume
2020-07-13,6.800000190734863,bad sector
2020-07-20,6.880000114440918,volume
2020-07-27,6.610000133514404,volume
2020-08-03,6.860000133514404,volume
2020-08-10,7.039999961853027,volume
2020-08-17,6.659999847412109,volume
2020-08-24,6.940000057220459,volume
2020-08-31,6.900000095367432,volume
2020-09-07,7.0,volume
2020-09-14,7.230000019073486,volume
2020-09-21,6.510000228881836,volume
2020-09-28,6.889999866485596,volume
2020-10-05,7.25,volume
2020-10-12,7.670000076293945,volume
2020-10-19,8.15999984741211,volume
2020-10-26,7.730000019073486,volume
2020-11-02,7.789999961853027,volume
2020-11-09,8.539999961853027,volume
2020-11-16,8.739999771118164,volume
2020-11-23,9.09000015258789,volume
2020-11-30,9.34000015258789,volume
2020-12-07,9.020000457763672,bad sector
2020-12-14,8.949999809265137,bad sector
2020-12-21,8.859999656677246,bad sector
2020-12-28,8.789999961853027,bad sector
2021-01-04,9.0,volume
2021-01-11,9.829999923706055,volume
2021-01-18,11.520000457763672,volume
2021-01-25,10.529999732971191,bad sector
2021-02-01,11.510000228881836,bad sector
2021-02-08,11.449999809265137,bad sector
2021-02-15,11.579999923706055,bad sector
2021-02-22,11.699999809265137,bad sector
2021-03-01,12.270000457763672,bad sector
2021-03-08,13.369999885559082,bad sector
2021-03-15,12.829999923706055,bad sector
2021-03-22,12.300000190734863,bad sector
2021-03-29,12.170000076293945,bad sector
2021-04-05,12.510000228881836,bad sector
2021-04-12,12.229999542236328,bad sector
2021-04-19,12.220000267028809,bad sector
2021-04-26,11.539999961853027,bad sector
2021-05-03,11.819999694824219,bad sector
2021-05-10,11.84000015258789,bad sector
2021-05-17,13.329999923706055,bad sector
2021-05-24,14.529999732971191,bad sector
2021-05-31,15.970000267028809,bad sector
2021-06-07,15.279999732971191,bad sector
2021-06-14,14.520000457763672,bad sector
2021-06-21,15.1899995803833,bad sector
2021-06-28,14.930000305175781,bad sector
2021-07-05,14.479999542236328,bad sector
2021-07-12,13.609999656677246,bad sector
2021-07-19,13.819999694824219,bad sector
2021-07-26,13.949999809265137,bad sector
2021-08-02,13.800000190734863,bad sector
2021-08-09,13.59000015258789,bad sector
2021-08-16,12.569999694824219,bad sector
2021-08-23,13.3100004196167,bad sector
2021-08-30,12.890000343322754,bad sector
2021-09-06,12.680000305175781,bad sector
2021-09-13,13.550000190734863,bad sector
2021-09-20,13.779999732971191,bad sector
2021-09-27,14.15999984741211,bad sector
2021-10-04,15.119999885559082,bad sector
2021-10-11,15.699999809265137,bad sector
2021-10-18,16.280000686645508,bad sector
2021-10-25,17.079999923706055,bad sector
2021-11-01,19.290000915527344,bad sector
2021-11-08,19.5,bad sector
2021-11-15,19.389999389648438,bad sector
2021-11-22,19.75,bad sector
2021-11-29,19.139999389648438,bad sector
2021-12-06,21.450000762939453,bad sector
2021-12-13,19.770000457763672,bad sector
2021-12-20,20.25,bad sector
2021-12-27,20.770000457763672,bad sector
2022-01-03,24.440000534057617,bad sector
2022-01-10,25.190000534057617,bad sector
