Date,holding
1995-01-06,[]
1995-01-13,[]
1995-01-20,[]
1995-01-27,[]
1995-02-03,[]
1995-02-10,[]
1995-02-17,[]
1995-02-24,[]
1995-03-03,[]
1995-03-10,[]
1995-03-17,[]
1995-03-24,[]
1995-03-31,[]
1995-04-07,[]
1995-04-14,[]
1995-04-21,[]
1995-04-28,[]
1995-05-05,[]
1995-05-12,[]
1995-05-19,[]
1995-05-26,[]
1995-06-02,[]
1995-06-09,[]
1995-06-16,[]
1995-06-23,[]
1995-06-30,[]
1995-07-07,[]
1995-07-14,[]
1995-07-21,[]
1995-07-28,[]
1995-08-04,[]
1995-08-11,[]
1995-08-18,[]
1995-08-25,[]
1995-09-01,[]
1995-09-08,"[('AXDX', 0.6399999856948853, 0)]"
1995-09-15,"[('AXDX', 0.6800000071525574, 0)]"
1995-09-22,"[('AXDX', 0.6800000071525574, 0)]"
1995-09-29,"[('AXDX', 0.5799999833106995, 0)]"
1995-10-06,"[('AXDX', 0.5600000023841858, 0)]"
1995-10-13,"[('AXDX', 0.5600000023841858, 0)]"
1995-10-20,"[('AXDX', 0.5199999809265137, -1)]"
1995-10-27,[]
1995-11-03,[]
1995-11-10,[]
1995-11-17,[]
1995-11-24,[]
1995-12-01,[]
1995-12-08,[]
1995-12-15,[]
1995-12-22,[]
1995-12-29,[]
1996-01-05,[]
1996-01-12,[]
1996-01-19,[]
1996-01-26,[]
1996-02-02,"[('AXDX', 0.959999978542328, 0)]"
1996-02-09,"[('AXDX', 1.0, 0)]"
1996-02-16,"[('AXDX', 1.399999976158142, 0)]"
1996-02-23,"[('AXDX', 1.4800000190734863, 0)]"
1996-03-01,"[('AXDX', 1.399999976158142, 0)]"
1996-03-08,"[('AXDX', 1.3600000143051147, 0)]"
1996-03-15,"[('AXDX', 1.399999976158142, 0)]"
1996-03-22,"[('AXDX', 1.5199999809265137, 0)]"
1996-03-29,"[('AXDX', 1.600000023841858, 0)]"
1996-04-05,"[('AXDX', 1.600000023841858, 0)]"
1996-04-12,"[('AXDX', 1.600000023841858, 0)]"
1996-04-19,"[('AXDX', 1.399999976158142, 0)]"
1996-04-26,"[('AXDX', 1.3600000143051147, 0)]"
1996-05-03,"[('AXDX', 1.399999976158142, 0)]"
1996-05-10,"[('AXDX', 3.252000093460083, 0)]"
1996-05-17,"[('AXDX', 3.752000093460083, 0)]"
1996-05-24,"[('AXDX', 3.752000093460083, 0)]"
1996-05-31,"[('AXDX', 3.5, 0)]"
1996-06-07,"[('AXDX', 3.5, 0)]"
1996-06-14,"[('AXDX', 3.5, 0)]"
1996-06-21,"[('AXDX', 3.5999999046325684, 0)]"
1996-06-28,"[('AXDX', 3.752000093460083, 0)]"
1996-07-05,"[('AXDX', 4.0, 0)]"
1996-07-12,"[('AXDX', 4.0, 0)]"
1996-07-19,"[('AXDX', 3.799999952316284, 0)]"
1996-07-26,"[('AXDX', 4.0, 0)]"
1996-08-02,"[('AXDX', 4.251999855041504, 0)]"
1996-08-09,"[('AXDX', 4.251999855041504, 0)]"
1996-08-16,"[('AXDX', 4.124000072479248, 0)]"
1996-08-23,"[('AXDX', 3.875999927520752, 0)]"
1996-08-30,"[('AXDX', 3.9600000381469727, 0)]"
1996-09-06,"[('AXDX', 4.251999855041504, 0)]"
1996-09-13,"[('AXDX', 4.480000019073486, 0)]"
1996-09-20,"[('AXDX', 5.5, 0)]"
1996-09-27,"[('AXDX', 5.875999927520752, 0)]"
1996-10-04,"[('AXDX', 5.5, 0)]"
1996-10-11,"[('AXAS', 8.5, 0), ('AXDX', 5.751999855041504, 0)]"
1996-10-18,"[('AXAS', 8.125, 0), ('AXDX', 8.5, 0)]"
1996-10-25,"[('AXAS', 8.5, 0), ('AXDX', 9.5, 0)]"
1996-11-01,"[('AXAS', 8.5, 0), ('AXDX', 7.375999927520752, 0)]"
1996-11-08,"[('AXAS', 8.25, 0), ('AXDX', 8.0, 0)]"
1996-11-15,"[('AXAS', 7.75, 0), ('AXDX', 8.12399959564209, 0)]"
1996-11-22,"[('AXAS', 7.625, 0), ('AXDX', 7.25, 0)]"
1996-11-29,"[('AXAS', 7.75, 0), ('AXDX', 8.062999725341797, 0)]"
1996-12-06,"[('AXAS', 7.375, 0), ('AXDX', 8.0, 0)]"
1996-12-13,"[('AXAS', 7.75, 0), ('AXDX', 10.0, 0)]"
1996-12-20,"[('AXAS', 9.875, 0), ('AXDX', 10.375, 0)]"
1996-12-27,"[('AXAS', 10.0, 0), ('AXDX', 21.5, 0)]"
1997-01-03,"[('AXAS', 9.75, 0), ('AXDX', 19.625, 0)]"
1997-01-10,"[('AXAS', 11.75, 0), ('AXDX', 15.5, 0)]"
1997-01-17,"[('AXAS', 13.625, 0), ('AXDX', 17.25, 0)]"
1997-01-24,"[('AXAS', 12.75, 0), ('AXDX', 16.625, 0)]"
1997-01-31,"[('AXAS', 13.375, 0), ('AXDX', 15.625, 0)]"
1997-02-07,"[('AXAS', 12.5, 0), ('AXDX', 14.75, 0)]"
1997-02-14,"[('AXAS', 11.0, 0), ('AXDX', 13.593999862670898, 0)]"
1997-02-21,"[('AXAS', 11.5, 0), ('AXDX', 16.0, 0)]"
1997-02-28,"[('AXAS', 11.375, 0), ('AXDX', 15.125, 0)]"
1997-03-07,"[('AXAS', 11.0, 0), ('AXDX', 14.625, 0)]"
1997-03-14,"[('AXAS', 11.25, 0), ('AXDX', 15.625, 0)]"
1997-03-21,"[('AXAS', 10.75, 0), ('AXDX', 13.812999725341797, 0)]"
1997-03-28,"[('AXAS', 10.75, 0), ('AXDX', 15.25, 0)]"
1997-04-04,"[('AXAS', 10.0, -1), ('AXDX', 13.25, 0)]"
1997-04-11,"[('AXDX', 12.437999725341797, -1)]"
1997-04-18,[]
1997-04-25,[]
1997-05-02,[]
1997-05-09,[]
1997-05-16,[]
1997-05-23,[]
1997-05-30,[]
1997-06-06,[]
1997-06-13,[]
1997-06-20,[]
1997-06-27,[]
1997-07-04,[]
1997-07-11,[]
1997-07-18,[]
1997-07-25,[]
1997-08-01,[]
1997-08-08,[]
1997-08-15,[]
1997-08-22,[]
1997-08-29,[]
1997-09-05,[]
1997-09-12,[]
1997-09-19,[]
1997-09-26,[]
1997-10-03,[]
1997-10-10,"[('ABMD', 10.75, 0)]"
1997-10-17,"[('ABMD', 10.875, 0)]"
1997-10-24,"[('ABMD', 10.125, 0)]"
1997-10-31,"[('ABMD', 9.5, 0)]"
1997-11-07,"[('ABMD', 9.625, 0)]"
1997-11-14,"[('ABMD', 9.0, 0)]"
1997-11-21,"[('ABMD', 9.0, 0)]"
1997-11-28,"[('ABMD', 8.5, -1)]"
1997-12-05,[]
1997-12-12,[]
1997-12-19,[]
1997-12-26,[]
1998-01-02,[]
1998-01-09,[]
1998-01-16,[]
1998-01-23,[]
1998-01-30,[]
1998-02-06,[]
1998-02-13,[]
1998-02-20,[]
1998-02-27,[]
1998-03-06,[]
1998-03-13,[]
1998-03-20,[]
1998-03-27,[]
1998-04-03,[]
1998-04-10,[]
1998-04-17,[]
1998-04-24,[]
1998-05-01,[]
1998-05-08,[]
1998-05-15,[]
1998-05-22,[]
1998-05-29,[]
1998-06-05,[]
1998-06-12,[]
1998-06-19,[]
1998-06-26,[]
1998-07-03,[]
1998-07-10,[]
1998-07-17,[]
1998-07-24,[]
1998-07-31,[]
1998-08-07,[]
1998-08-14,[]
1998-08-21,[]
1998-08-28,[]
1998-09-04,[]
1998-09-11,[]
1998-09-18,[]
1998-09-25,[]
1998-10-02,[]
1998-10-09,[]
1998-10-16,[]
1998-10-23,[]
1998-10-30,[]
1998-11-06,[]
1998-11-13,[]
1998-11-20,[]
1998-11-27,[]
1998-12-04,[]
1998-12-11,[]
1998-12-18,[]
1998-12-25,[]
1999-01-01,[]
1999-01-08,[]
1999-01-15,[]
1999-01-22,[]
1999-01-29,[]
1999-02-05,[]
1999-02-12,[]
1999-02-19,[]
1999-02-26,[]
1999-03-05,[]
1999-03-12,[]
1999-03-19,[]
1999-03-26,[]
1999-04-02,[]
1999-04-09,[]
1999-04-16,[]
1999-04-23,[]
1999-04-30,[]
1999-05-07,"[('ABMD', 8.156999588012695, 0)]"
1999-05-14,"[('ABMD', 8.0, 0)]"
1999-05-21,"[('ABMD', 8.187999725341797, 0)]"
1999-05-28,"[('ABMD', 8.0, 0)]"
1999-06-04,"[('ABMD', 7.657000064849853, 0)]"
1999-06-11,"[('ABMD', 7.75, 0)]"
1999-06-18,"[('ABMD', 7.25, 0)]"
1999-06-25,"[('ABMD', 6.875, 0)]"
1999-07-02,"[('ABMD', 6.688000202178955, 0)]"
1999-07-09,"[('ABMD', 7.125, 0)]"
1999-07-16,"[('ABMD', 7.625, 0)]"
1999-07-23,"[('ABMD', 8.187999725341797, 0)]"
1999-07-30,"[('ABMD', 7.625, 0)]"
1999-08-06,"[('ABMD', 7.282000064849853, 0)]"
1999-08-13,"[('ABAX', 3.687999963760376, 0), ('ABMD', 7.0320000648498535, -1)]"
1999-08-20,"[('ABAX', 3.75, 0)]"
1999-08-27,"[('ABAX', 4.125, 0)]"
1999-09-03,"[('ABAX', 4.25, 0)]"
1999-09-10,"[('ABAX', 4.125, 0)]"
1999-09-17,"[('ABAX', 4.125, 0)]"
1999-09-24,"[('ABAX', 4.125, 0)]"
1999-10-01,"[('ABAX', 4.75, 0)]"
1999-10-08,"[('ABAX', 5.5, 0)]"
1999-10-15,"[('ABAX', 5.0, 0)]"
1999-10-22,"[('ABAX', 4.875, 0)]"
1999-10-29,"[('ABAX', 4.906000137329102, 0)]"
1999-11-05,"[('ABAX', 4.968999862670898, 0)]"
1999-11-12,"[('ABAX', 4.6875, 0), ('ABMD', 15.562999725341797, 0)]"
1999-11-19,"[('ABAX', 4.875, 0), ('ABMD', 14.5, 0)]"
1999-11-26,"[('ABAX', 4.75, 0), ('ABMD', 14.375, 0)]"
1999-12-03,"[('ABAX', 4.75, 0), ('ABMD', 15.281999588012695, 0)]"
1999-12-10,"[('ABAX', 4.438000202178955, 0), ('ABMD', 22.25, 0)]"
1999-12-17,"[('ABAX', 4.813000202178955, 0), ('ABMD', 26.75, 0)]"
1999-12-24,"[('ABAX', 6.375, 0), ('ABMD', 20.875, 0)]"
1999-12-31,"[('ABAX', 7.75, 0), ('ABMD', 18.375, 0)]"
2000-01-07,"[('EGHT', 8.0, 0), ('ABAX', 7.188000202178955, 0), ('ABMD', 17.937999725341797, 0)]"
2000-01-14,"[('EGHT', 7.25, 0), ('ABAX', 7.375, 0), ('ABMD', 21.375, 0)]"
2000-01-21,"[('EGHT', 9.5, 0), ('ABAX', 8.875, 0), ('ABMD', 29.4379997253418, 0)]"
2000-01-28,"[('DDD', 3.3333330154418945, 0), ('EGHT', 11.125, 0), ('ABAX', 8.5, 0), ('ABMD', 29.4379997253418, 0)]"
2000-02-04,"[('DDD', 3.375, 0), ('EGHT', 11.687999725341797, 0), ('ABAX', 8.0, 0), ('ABMD', 27.5629997253418, 0)]"
2000-02-11,"[('DDD', 3.25, 0), ('EGHT', 14.5, 0), ('ABAX', 7.813000202178955, 0), ('ABMD', 29.5, 0)]"
2000-02-18,"[('DDD', 3.25, 0), ('EGHT', 18.0, 0), ('ABAX', 7.75, 0), ('ABMD', 40.75, 0)]"
2000-02-25,"[('DDD', 3.22933292388916, 0), ('EGHT', 20.0, 0), ('ABAX', 7.875, 0), ('ABMD', 37.625, 0)]"
2000-03-03,"[('DDD', 4.239665985107422, 0), ('EGHT', 28.625, 0), ('ABAX', 10.0, 0), ('ABMD', 33.875, 0)]"
2000-03-10,"[('DDD', 3.593666076660156, 0), ('EGHT', 31.625, 0), ('ABAX', 9.312999725341797, 0), ('ABMD', 30.75, 0)]"
2000-03-17,"[('DDD', 3.791666030883789, 0), ('EGHT', 28.5, 0), ('ABAX', 8.375, 0), ('ABMD', 25.75, 0)]"
2000-03-24,"[('DDD', 3.604166030883789, 0), ('EGHT', 28.0, 0), ('ABAX', 8.5, 0), ('ABMD', 24.0629997253418, 0)]"
2000-03-31,"[('DDD', 3.4583330154418945, 0), ('EGHT', 29.625, 0), ('ABAX', 8.25, 0), ('ABMD', 20.125, -1)]"
2000-04-07,"[('DDD', 3.4583330154418945, 0), ('EGHT', 22.0, 0), ('ABAX', 7.75, 0)]"
2000-04-14,"[('DDD', 2.875, -1), ('EGHT', 12.062999725341797, -1), ('ABAX', 7.25, 0)]"
2000-04-21,"[('ABAX', 7.0, -1)]"
2000-04-28,[]
2000-05-05,[]
2000-05-12,[]
2000-05-19,[]
2000-05-26,[]
2000-06-02,[]
2000-06-09,"[('DDD', 4.916666030883789, 0)]"
2000-06-16,"[('DDD', 4.895999908447266, 0)]"
2000-06-23,"[('DDD', 5.020999908447266, 0)]"
2000-06-30,"[('DDD', 6.333333015441895, 0)]"
2000-07-07,"[('DDD', 6.458333015441895, 0)]"
2000-07-14,"[('DDD', 6.291666030883789, 0)]"
2000-07-21,"[('DDD', 6.333333015441895, 0)]"
2000-07-28,"[('DDD', 5.666666030883789, 0)]"
2000-08-04,"[('DDD', 6.0625, 0)]"
2000-08-11,"[('DDD', 5.666666030883789, 0), ('AXAS', 2.75, 0)]"
2000-08-18,"[('DDD', 6.22933292388916, 0), ('AXAS', 3.0, 0)]"
2000-08-25,"[('DDD', 6.583333015441895, 0), ('AXAS', 2.937999963760376, 0)]"
2000-09-01,"[('DDD', 6.5, 0), ('AXAS', 4.0, 0)]"
2000-09-08,"[('DDD', 6.395999908447266, 0), ('AXAS', 3.375, 0)]"
2000-09-15,"[('DDD', 6.125, 0), ('AXAS', 4.0, 0)]"
2000-09-22,"[('DDD', 5.791666030883789, 0), ('AXAS', 3.75, 0)]"
2000-09-29,"[('DDD', 6.25, 0), ('AXAS', 3.875, 0)]"
2000-10-06,"[('DDD', 6.083333015441895, 0), ('AXAS', 3.5, 0)]"
2000-10-13,"[('DDD', 5.083333015441895, -1), ('AXAS', 3.687999963760376, 0)]"
2000-10-20,"[('AXAS', 3.5, 0)]"
2000-10-27,"[('AXAS', 3.312999963760376, 0)]"
2000-11-03,"[('AXAS', 3.25, 0)]"
2000-11-10,"[('AXAS', 3.437999963760376, 0)]"
2000-11-17,"[('AXAS', 3.437999963760376, 0)]"
2000-11-24,"[('AXAS', 3.437999963760376, 0)]"
2000-12-01,"[('AXAS', 3.0, 0)]"
2000-12-08,"[('AXAS', 3.375, 0)]"
2000-12-15,"[('AXAS', 3.875, 0)]"
2000-12-22,"[('AXAS', 4.375, 0)]"
2000-12-29,"[('AXAS', 4.375, 0)]"
2001-01-05,"[('AXAS', 4.188000202178955, 0)]"
2001-01-12,"[('AXAS', 3.75, 0)]"
2001-01-19,"[('AXAS', 3.812999963760376, 0)]"
2001-01-26,"[('AXAS', 5.0, 0)]"
2001-02-02,"[('AXAS', 4.829999923706055, 0)]"
2001-02-09,"[('AXAS', 4.940000057220459, 0)]"
2001-02-16,"[('AXAS', 4.929999828338623, 0)]"
2001-02-23,"[('AXAS', 4.699999809265137, 0)]"
2001-03-02,"[('AXAS', 4.5, 0)]"
2001-03-09,"[('AXAS', 5.099999904632568, 0)]"
2001-03-16,"[('AXAS', 5.320000171661377, 0)]"
2001-03-23,"[('AXAS', 4.829999923706055, 0)]"
2001-03-30,"[('AXAS', 5.099999904632568, 0)]"
2001-04-06,"[('AXAS', 4.559999942779541, 0)]"
2001-04-13,"[('AXAS', 4.789999961853027, 0)]"
2001-04-20,"[('FLWS', 7.599999904632568, 0), ('AXAS', 4.300000190734863, -1)]"
2001-04-27,"[('FLWS', 8.199999809265137, 0)]"
2001-05-04,"[('FLWS', 9.050000190734863, 0)]"
2001-05-11,"[('FLWS', 8.899999618530273, 0)]"
2001-05-18,"[('FLWS', 9.40999984741211, 0)]"
2001-05-25,"[('FLWS', 9.890000343322754, 0)]"
2001-06-01,"[('FLWS', 9.850000381469728, 0), ('AXDX', 0.8999999761581421, 0)]"
2001-06-08,"[('FLWS', 10.399999618530272, 0), ('AXDX', 0.8999999761581421, 0)]"
2001-06-15,"[('FLWS', 10.90999984741211, 0), ('AXDX', 1.0399999618530271, 0)]"
2001-06-22,"[('FLWS', 11.670000076293944, 0), ('AXDX', 1.4800000190734863, 0)]"
2001-06-29,"[('FLWS', 14.84000015258789, 0), ('SRCE', 23.198347091674805, 0), ('AXDX', 1.4500000476837158, 0)]"
2001-07-06,"[('FLWS', 13.0, 0), ('SRCE', 17.892560958862305, 0), ('AXDX', 1.5, 0)]"
2001-07-13,"[('FLWS', 13.300000190734863, 0), ('SRCE', 17.190908432006836, -1), ('AXDX', 1.4199999570846558, 0)]"
2001-07-20,"[('FLWS', 13.079999923706056, 0), ('AXDX', 1.5, 0)]"
2001-07-27,"[('FLWS', 12.220000267028809, 0), ('AXDX', 1.4600000381469729, 0)]"
2001-08-03,"[('FLWS', 11.949999809265137, 0), ('AXDX', 1.5099999904632568, 0)]"
2001-08-10,"[('FLWS', 13.050999641418455, 0), ('AXDX', 2.200000047683716, 0)]"
2001-08-17,"[('FLWS', 12.800000190734863, 0), ('AXDX', 1.919999957084656, 0)]"
2001-08-24,"[('FLWS', 12.81999969482422, 0), ('AXDX', 2.3299999237060547, 0)]"
2001-08-31,"[('FLWS', 12.800000190734863, 0), ('AXDX', 2.4800000190734863, 0)]"
2001-09-07,"[('FLWS', 12.800000190734863, 0), ('AXDX', 2.180000066757202, 0)]"
2001-09-14,"[('FLWS', 10.5, -1), ('AXDX', 2.0, 0)]"
2001-09-21,"[('AXDX', 2.0999999046325684, 0)]"
2001-09-28,"[('AXDX', 3.25, 0)]"
2001-10-05,"[('AXDX', 2.789999961853028, 0)]"
2001-10-12,"[('AXDX', 2.950000047683716, 0)]"
2001-10-19,"[('AXDX', 3.2799999713897705, 0)]"
2001-10-26,"[('AXDX', 3.5299999713897705, 0)]"
2001-11-02,"[('AXDX', 3.200000047683716, 0)]"
2001-11-09,"[('AXDX', 3.299999952316284, 0)]"
2001-11-16,"[('AXDX', 3.0999999046325684, 0)]"
2001-11-23,"[('AXDX', 3.0199999809265137, 0)]"
2001-11-30,"[('AXDX', 2.890000104904175, 0)]"
2001-12-07,"[('AXDX', 2.5, 0)]"
2001-12-14,"[('AXDX', 2.150000095367432, -1)]"
2001-12-21,[]
2001-12-28,[]
2002-01-04,[]
2002-01-11,[]
2002-01-18,[]
2002-01-25,[]
2002-02-01,[]
2002-02-08,[]
2002-02-15,[]
2002-02-22,[]
2002-03-01,[]
2002-03-08,[]
2002-03-15,[]
2002-03-22,[]
2002-03-29,[]
2002-04-05,[]
2002-04-12,[]
2002-04-19,[]
2002-04-26,[]
2002-05-03,[]
2002-05-10,[]
2002-05-17,[]
2002-05-24,[]
2002-05-31,[]
2002-06-07,[]
2002-06-14,[]
2002-06-21,[]
2002-06-28,[]
2002-07-05,[]
2002-07-12,[]
2002-07-19,[]
2002-07-26,[]
2002-08-02,[]
2002-08-09,[]
2002-08-16,[]
2002-08-23,[]
2002-08-30,[]
2002-09-06,[]
2002-09-13,[]
2002-09-20,[]
2002-09-27,[]
2002-10-04,[]
2002-10-11,[]
2002-10-18,[]
2002-10-25,[]
2002-11-01,[]
2002-11-08,[]
2002-11-15,[]
2002-11-22,[]
2002-11-29,[]
2002-12-06,[]
2002-12-13,[]
2002-12-20,[]
2002-12-27,[]
2003-01-03,[]
2003-01-10,[]
2003-01-17,[]
2003-01-24,[]
2003-01-31,[]
2003-02-07,[]
2003-02-14,[]
2003-02-21,[]
2003-02-28,[]
2003-03-07,[]
2003-03-14,[]
2003-03-21,[]
2003-03-28,[]
2003-04-04,[]
2003-04-11,[]
2003-04-18,[]
2003-04-25,[]
2003-05-02,[]
2003-05-09,[]
2003-05-16,"[('EGHT', 0.5400000214576721, 0)]"
2003-05-23,"[('EGHT', 0.449999988079071, 0)]"
2003-05-30,"[('EGHT', 0.3499999940395355, 0)]"
2003-06-06,"[('EGHT', 0.550000011920929, 0), ('ABMD', 6.260000228881836, 0), ('AXAS', 1.2000000476837158, 0)]"
2003-06-13,"[('EGHT', 0.5799999833106995, 0), ('ABMD', 6.210000038146973, 0), ('AXAS', 1.1200000047683716, 0)]"
2003-06-20,"[('EGHT', 0.4399999976158142, 0), ('ABMD', 5.400000095367432, 0), ('AXAS', 1.090000033378601, 0)]"
2003-06-27,"[('EGHT', 0.5, 0), ('ABMD', 5.504000186920166, 0), ('AXAS', 1.0700000524520874, 0)]"
2003-07-04,"[('EGHT', 0.4099999964237213, -1), ('ABMD', 5.050000190734863, -1), ('AXAS', 1.0499999523162842, 0)]"
2003-07-11,"[('AXAS', 1.0499999523162842, 0)]"
2003-07-18,"[('AXAS', 1.0399999618530271, 0)]"
2003-07-25,"[('ABAX', 7.099999904632568, 0), ('AXAS', 0.8199999928474426, -1)]"
2003-08-01,"[('AIR', 7.829999923706055, 0), ('ABAX', 7.28000020980835, 0)]"
2003-08-08,"[('AIR', 6.75, 0), ('ABAX', 8.380000114440918, 0)]"
2003-08-15,"[('EGHT', 1.059999942779541, 0), ('AIR', 6.949999809265137, 0), ('ABAX', 8.550000190734863, 0)]"
2003-08-22,"[('EGHT', 1.25, 0), ('AIR', 7.510000228881836, 0), ('ABAX', 9.130000114440918, 0)]"
2003-08-29,"[('EGHT', 1.4299999475479126, 0), ('AIR', 8.010000228881836, 0), ('ABAX', 9.229000091552734, 0), ('ACTG', 2.0789999961853027, 0)]"
2003-09-05,"[('EGHT', 1.559999942779541, 0), ('AIR', 8.100000381469727, 0), ('ABAX', 11.449999809265137, 0), ('ACTG', 3.3399999141693115, 0)]"
2003-09-12,"[('EGHT', 1.8799999952316284, 0), ('AIR', 8.369999885559082, 0), ('ABAX', 11.25, 0), ('ACTG', 3.400000095367432, 0)]"
2003-09-19,"[('EGHT', 1.7999999523162842, 0), ('AIR', 8.800000190734863, 0), ('ABAX', 13.0, 0), ('ACTG', 4.900000095367432, 0)]"
2003-09-26,"[('EGHT', 1.5889999866485596, 0), ('AIR', 7.300000190734863, 0), ('ABAX', 13.550000190734863, 0), ('ABMD', 8.343999862670898, 0), ('ACTG', 5.710000038146973, 0)]"
2003-10-03,"[('EGHT', 1.4500000476837158, 0), ('AIR', 9.699999809265137, 0), ('ABAX', 14.260000228881836, 0), ('ABMD', 8.59000015258789, 0), ('ACTG', 5.396999835968018, 0), ('AXDX', 3.799999952316284, 0)]"
2003-10-10,"[('EGHT', 1.649999976158142, 0), ('AIR', 9.399999618530272, 0), ('ABAX', 16.549999237060547, 0), ('ABMD', 8.619999885559082, 0), ('ACTG', 6.099999904632568, 0), ('AXDX', 4.550000190734863, 0)]"
2003-10-17,"[('EGHT', 1.4500000476837158, 0), ('AIR', 9.90999984741211, 0), ('ABAX', 18.32999992370605, 0), ('ABMD', 8.890000343322754, 0), ('ACTG', 7.599999904632568, 0), ('AXDX', 4.400000095367432, 0)]"
2003-10-24,"[('EGHT', 1.5499999523162842, 0), ('AIR', 9.720000267028809, 0), ('ABAX', 15.38599967956543, 0), ('ABMD', 9.050000190734863, 0), ('ACTG', 6.198999881744385, 0), ('AXDX', 4.150000095367432, 0)]"
2003-10-31,"[('EGHT', 2.220000028610229, 0), ('AIR', 10.899999618530272, 0), ('ABAX', 17.34000015258789, 0), ('ABMD', 8.899999618530273, 0), ('ACTG', 6.150000095367432, 0), ('AXDX', 3.5799999237060547, 0)]"
2003-11-07,"[('EGHT', 3.150000095367432, 0), ('AIR', 10.010000228881836, 0), ('ABAX', 17.628999710083008, 0), ('ABMD', 8.300000190734863, 0), ('ACTG', 6.880000114440918, 0), ('AXDX', 2.650000095367432, -1)]"
2003-11-14,"[('EGHT', 3.630000114440918, 0), ('AIR', 9.989999771118164, 0), ('ABAX', 17.584999084472656, 0), ('ABMD', 7.499000072479248, 0), ('ACTG', 6.199999809265137, 0)]"
2003-11-21,"[('EGHT', 3.259999990463257, 0), ('AIR', 9.65999984741211, 0), ('ABAX', 19.040000915527344, 0), ('ABMD', 7.599999904632568, 0), ('ACTG', 5.510000228881836, 0)]"
2003-11-28,"[('EGHT', 7.519999980926514, 0), ('AIR', 10.460000038146973, 0), ('ABAX', 20.239999771118164, 0), ('ABMD', 7.360000133514404, 0), ('ACTG', 5.53000020980835, 0)]"
2003-12-05,"[('EGHT', 5.159999847412109, 0), ('AIR', 10.600000381469728, 0), ('ABAX', 21.5, 0), ('ABMD', 8.100000381469727, 0), ('ACTG', 6.289999961853027, 0)]"
2003-12-12,"[('EGHT', 4.690000057220459, 0), ('AIR', 10.899999618530272, 0), ('ABAX', 18.780000686645508, 0), ('ABMD', 7.538000106811523, 0), ('ACTG', 5.170000076293945, 0)]"
2003-12-19,"[('EGHT', 4.800000190734863, 0), ('AIR', 12.270000457763672, 0), ('ABAX', 18.09000015258789, 0), ('ABMD', 7.110000133514404, -1), ('ACTG', 5.451000213623047, 0)]"
2003-12-26,"[('EGHT', 4.590000152587891, 0), ('AIR', 15.460000038146973, 0), ('ABAX', 18.0, 0), ('ACTG', 5.380000114440918, 0)]"
2004-01-02,"[('EGHT', 4.519999980926514, 0), ('AIR', 15.300000190734863, 0), ('ABAX', 16.780000686645508, 0), ('ACTG', 5.489999771118164, 0)]"
2004-01-09,"[('DDD', 4.539999961853027, 0), ('EGHT', 4.940000057220459, 0), ('AIR', 15.18000030517578, 0), ('ABAX', 17.149999618530273, 0), ('ACTG', 5.800000190734863, 0)]"
2004-01-16,"[('DDD', 4.5233330726623535, 0), ('EGHT', 5.179999828338623, 0), ('AIR', 15.520000457763672, 0), ('ABAX', 17.93000030517578, 0), ('ACTG', 6.840000152587891, 0)]"
2004-01-23,"[('DDD', 4.483333110809326, 0), ('EGHT', 4.619999885559082, 0), ('AIR', 15.329999923706056, 0), ('ABAX', 20.030000686645508, 0), ('ACTG', 6.440000057220459, 0)]"
2004-01-30,"[('DDD', 3.853332996368408, 0), ('EGHT', 3.9700000286102295, 0), ('AIR', 13.350000381469728, 0), ('ABAX', 19.0, 0), ('AXAS', 3.0899999141693115, 0), ('ACTG', 6.21999979019165, 0)]"
2004-02-06,"[('DDD', 3.623332977294922, 0), ('EGHT', 3.799999952316284, 0), ('AIR', 13.18000030517578, 0), ('ABAX', 17.850000381469727, 0), ('AXAS', 2.720000028610229, 0), ('ACTG', 6.650000095367432, 0)]"
2004-02-13,"[('DDD', 4.25, 0), ('EGHT', 4.25, 0), ('AIR', 12.960000038146973, 0), ('ABAX', 19.059999465942383, 0), ('AXAS', 2.799999952316284, 0), ('ACTG', 6.150000095367432, 0)]"
2004-02-20,"[('DDD', 3.993333101272583, 0), ('EGHT', 3.740000009536743, 0), ('AIR', 12.770000457763672, 0), ('ABAX', 18.790000915527344, 0), ('AXAS', 2.75, 0), ('ACTG', 6.190000057220459, 0)]"
2004-02-27,"[('DDD', 3.4800000190734863, -1), ('EGHT', 3.849999904632568, 0), ('AIR', 12.920000076293944, 0), ('ABAX', 19.020000457763672, 0), ('AXAS', 2.6700000762939453, 0), ('ACTG', 6.829999923706055, 0)]"
2004-03-05,"[('EGHT', 3.900000095367432, 0), ('AIR', 12.75, 0), ('ABAX', 18.5, 0), ('AXAS', 2.869999885559082, 0), ('ACTG', 6.400000095367432, 0)]"
2004-03-12,"[('EGHT', 3.3299999237060547, -1), ('AIR', 12.25, 0), ('ABAX', 19.0, 0), ('AXAS', 2.940000057220459, 0), ('ACTG', 6.119999885559082, 0)]"
2004-03-19,"[('AIR', 12.109999656677246, -1), ('ABAX', 20.350000381469727, 0), ('AXAS', 2.75, 0), ('ACTG', 7.019999980926514, 0)]"
2004-03-26,"[('ABAX', 19.93000030517578, 0), ('AXAS', 2.3299999237060547, 0), ('ACTG', 6.5, 0)]"
2004-04-02,"[('ABAX', 20.25, 0), ('AXAS', 2.5, 0), ('ACTG', 6.78000020980835, 0)]"
2004-04-09,"[('ABAX', 20.18000030517578, 0), ('AXAS', 2.5999999046325684, 0), ('ACTG', 6.920000076293945, 0)]"
2004-04-16,"[('ABAX', 22.229999542236328, 0), ('AXAS', 2.75, 0), ('ACTG', 6.800000190734863, 0)]"
2004-04-23,"[('ABAX', 21.84000015258789, 0), ('ABMD', 12.789999961853027, 0), ('AXAS', 2.539999961853028, 0), ('ACTG', 6.53000020980835, -1)]"
2004-04-30,"[('ABAX', 17.700000762939453, -1), ('ABMD', 11.43000030517578, 0), ('AXAS', 2.2799999713897705, 0)]"
2004-05-07,"[('ABMD', 12.300000190734863, 0), ('AXAS', 2.3499999046325684, 0)]"
2004-05-14,"[('ABMD', 11.199999809265137, 0), ('AXAS', 1.9600000381469729, -1)]"
2004-05-21,"[('ABMD', 10.729999542236328, 0)]"
2004-05-28,"[('ABMD', 12.350000381469728, 0)]"
2004-06-04,"[('ABMD', 12.6899995803833, 0)]"
2004-06-11,"[('ABMD', 12.979999542236328, 0)]"
2004-06-18,"[('ABMD', 12.699999809265137, 0)]"
2004-06-25,"[('ABMD', 13.90999984741211, 0)]"
2004-07-02,"[('ABMD', 12.0600004196167, 0)]"
2004-07-09,"[('ABMD', 11.510000228881836, 0)]"
2004-07-16,"[('ABMD', 10.34000015258789, -1)]"
2004-07-23,[]
2004-07-30,[]
2004-08-06,[]
2004-08-13,[]
2004-08-20,[]
2004-08-27,[]
2004-09-03,[]
2004-09-10,[]
2004-09-17,[]
2004-09-24,[]
2004-10-01,[]
2004-10-08,[]
2004-10-15,[]
2004-10-22,[]
2004-10-29,[]
2004-11-05,[]
2004-11-12,"[('DDD', 5.876666069030762, 0)]"
2004-11-19,"[('DDD', 6.03000020980835, 0)]"
2004-11-26,"[('DDD', 5.576665878295898, 0)]"
2004-12-03,"[('DDD', 5.420000076293945, 0)]"
2004-12-10,"[('DDD', 5.453332901000977, 0), ('EGHT', 4.130000114440918, 0)]"
2004-12-17,"[('DDD', 5.7133331298828125, 0), ('EGHT', 3.829999923706055, 0)]"
2004-12-24,"[('DDD', 5.583333015441895, 0), ('EGHT', 3.849999904632568, 0)]"
2004-12-31,"[('DDD', 6.626666069030762, 0), ('EGHT', 4.070000171661377, 0)]"
2005-01-07,"[('DDD', 7.046666145324707, 0), ('EGHT', 3.690000057220459, 0)]"
2005-01-14,"[('DDD', 7.666666030883789, 0), ('EGHT', 3.240000009536743, 0)]"
2005-01-21,"[('DDD', 7.056665897369385, 0), ('EGHT', 2.789999961853028, -1)]"
2005-01-28,"[('DDD', 7.416666030883789, 0)]"
2005-02-04,"[('DDD', 7.699999809265137, 0)]"
2005-02-11,"[('DDD', 7.53000020980835, 0)]"
2005-02-18,"[('DDD', 6.5, 0)]"
2005-02-25,"[('DDD', 6.75, 0)]"
2005-03-04,"[('DDD', 6.326665878295898, 0)]"
2005-03-11,"[('DDD', 6.033332824707031, 0)]"
2005-03-18,"[('DDD', 6.239999771118164, 0)]"
2005-03-25,"[('DDD', 6.010000228881836, 0)]"
2005-04-01,"[('DDD', 6.336666107177734, 0)]"
2005-04-08,"[('DDD', 7.1966657638549805, 0)]"
2005-04-15,"[('DDD', 6.203332901000977, -1)]"
2005-04-22,[]
2005-04-29,[]
2005-05-06,[]
2005-05-13,[]
2005-05-20,[]
2005-05-27,[]
2005-06-03,[]
2005-06-10,[]
2005-06-17,[]
2005-06-24,[]
2005-07-01,[]
2005-07-08,[]
2005-07-15,[]
2005-07-22,[]
2005-07-29,"[('AXAS', 4.590000152587891, 0)]"
2005-08-05,"[('AXAS', 4.619999885559082, 0)]"
2005-08-12,"[('AXAS', 4.550000190734863, 0)]"
2005-08-19,"[('AXAS', 4.050000190734863, 0)]"
2005-08-26,"[('AXAS', 4.309999942779541, 0)]"
2005-09-02,"[('AXAS', 4.590000152587891, 0)]"
2005-09-09,"[('AXAS', 4.489999771118164, 0)]"
2005-09-16,"[('AXAS', 5.090000152587891, 0)]"
2005-09-23,"[('AXAS', 5.699999809265137, 0)]"
2005-09-30,"[('AXAS', 7.929999828338623, 0)]"
2005-10-07,"[('AXAS', 7.050000190734863, 0)]"
2005-10-14,"[('AXAS', 7.079999923706055, 0)]"
2005-10-21,"[('AXAS', 6.550000190734863, 0)]"
2005-10-28,"[('AXAS', 5.940000057220459, 0)]"
2005-11-04,"[('AXAS', 7.110000133514404, 0)]"
2005-11-11,"[('AXAS', 6.260000228881836, 0)]"
2005-11-18,"[('AXAS', 6.369999885559082, 0)]"
2005-11-25,"[('AXAS', 7.119999885559082, 0)]"
2005-12-02,"[('AXAS', 6.420000076293945, 0)]"
2005-12-09,"[('AXAS', 6.409999847412109, 0)]"
2005-12-16,"[('AXAS', 6.090000152587891, 0)]"
2005-12-23,"[('AXAS', 5.900000095367432, 0)]"
2005-12-30,"[('AXAS', 5.28000020980835, -1)]"
2006-01-06,[]
2006-01-13,[]
2006-01-20,[]
2006-01-27,[]
2006-02-03,[]
2006-02-10,[]
2006-02-17,[]
2006-02-24,[]
2006-03-03,[]
2006-03-10,[]
2006-03-17,[]
2006-03-24,[]
2006-03-31,[]
2006-04-07,[]
2006-04-14,[]
2006-04-21,[]
2006-04-28,[]
2006-05-05,[]
2006-05-12,[]
2006-05-19,[]
2006-05-26,[]
2006-06-02,[]
2006-06-09,[]
2006-06-16,[]
2006-06-23,[]
2006-06-30,[]
2006-07-07,[]
2006-07-14,[]
2006-07-21,[]
2006-07-28,[]
2006-08-04,[]
2006-08-11,[]
2006-08-18,[]
2006-08-25,[]
2006-09-01,[]
2006-09-08,[]
2006-09-15,[]
2006-09-22,[]
2006-09-29,[]
2006-10-06,[]
2006-10-13,[]
2006-10-20,[]
2006-10-27,[]
2006-11-03,[]
2006-11-10,[]
2006-11-17,[]
2006-11-24,[]
2006-12-01,[]
2006-12-08,[]
2006-12-15,[]
2006-12-22,[]
2006-12-29,[]
2007-01-05,[]
2007-01-12,[]
2007-01-19,[]
2007-01-26,[]
2007-02-02,[]
2007-02-09,[]
2007-02-16,[]
2007-02-23,[]
2007-03-02,[]
2007-03-09,[]
2007-03-16,[]
2007-03-23,"[('ACAD', 14.449999809265137, 0)]"
2007-03-30,"[('ACAD', 15.020000457763672, 0)]"
2007-04-06,"[('ACAD', 15.649999618530272, 0)]"
2007-04-13,"[('ACAD', 15.739999771118164, 0)]"
2007-04-20,"[('ACAD', 14.600000381469728, 0)]"
2007-04-27,"[('ACAD', 13.649999618530272, 0)]"
2007-05-04,"[('ACAD', 13.489999771118164, 0)]"
2007-05-11,"[('ACAD', 13.609999656677246, 0)]"
2007-05-18,"[('ACAD', 13.369999885559082, 0)]"
2007-05-25,"[('ACAD', 13.170000076293944, 0)]"
2007-06-01,"[('ACAD', 12.699999809265137, 0)]"
2007-06-08,"[('ACAD', 13.960000038146973, 0)]"
2007-06-15,"[('ACAD', 15.119999885559082, 0)]"
2007-06-22,"[('ACAD', 14.31999969482422, 0)]"
2007-06-29,"[('ACAD', 13.640000343322754, 0)]"
2007-07-06,"[('ACAD', 13.760000228881836, 0)]"
2007-07-13,"[('ACAD', 13.699999809265137, 0)]"
2007-07-20,"[('ACAD', 13.68000030517578, 0)]"
2007-07-27,"[('ACAD', 14.0, 0)]"
2007-08-03,"[('ACAD', 14.869999885559082, 0)]"
2007-08-10,"[('ACAD', 16.399999618530273, 0)]"
2007-08-17,"[('ACAD', 15.050000190734863, 0)]"
2007-08-24,"[('ACAD', 14.800000190734863, 0)]"
2007-08-31,"[('ACAD', 14.390000343322754, 0)]"
2007-09-07,"[('ACAD', 15.079999923706056, 0)]"
2007-09-14,"[('ACAD', 15.380000114440918, 0)]"
2007-09-21,"[('ACAD', 15.729999542236328, 0)]"
2007-09-28,"[('ACAD', 15.050000190734863, 0)]"
2007-10-05,"[('ACAD', 15.289999961853027, 0)]"
2007-10-12,"[('ACAD', 15.949999809265137, 0)]"
2007-10-19,"[('ACAD', 14.949999809265137, -1), ('AXDX', 3.240000009536743, 0)]"
2007-10-26,"[('AXDX', 3.4200000762939453, 0)]"
2007-11-02,"[('AXDX', 4.099999904632568, 0)]"
2007-11-09,"[('AXDX', 3.849900007247925, 0)]"
2007-11-16,"[('AXDX', 3.3301000595092773, 0)]"
2007-11-23,"[('AXDX', 4.070000171661377, 0)]"
2007-11-30,"[('AXDX', 3.490000009536743, 0)]"
2007-12-07,"[('AXDX', 3.7399001121521, 0)]"
2007-12-14,"[('AXDX', 4.789899826049805, 0)]"
2007-12-21,"[('AXDX', 4.605999946594238, 0)]"
2007-12-28,"[('AXDX', 4.130000114440918, 0)]"
2008-01-04,"[('AXDX', 3.950000047683716, 0)]"
2008-01-11,"[('AXDX', 3.900000095367432, 0)]"
2008-01-18,"[('AXDX', 4.25, 0)]"
2008-01-25,"[('AXDX', 3.83899998664856, 0)]"
2008-02-01,"[('AXDX', 4.28000020980835, 0)]"
2008-02-08,"[('AXDX', 4.099999904632568, 0)]"
2008-02-15,"[('AXDX', 4.199999809265137, 0)]"
2008-02-22,"[('AXDX', 4.25, 0)]"
2008-02-29,"[('AXDX', 4.190000057220459, 0)]"
2008-03-07,"[('AXDX', 4.400000095367432, 0)]"
2008-03-14,"[('AXDX', 4.0, 0)]"
2008-03-21,"[('AXDX', 3.901000022888184, 0)]"
2008-03-28,"[('AXDX', 4.0, 0)]"
2008-04-04,"[('AXDX', 3.950000047683716, -1)]"
2008-04-11,[]
2008-04-18,[]
2008-04-25,[]
2008-05-02,[]
2008-05-09,[]
2008-05-16,[]
2008-05-23,[]
2008-05-30,[]
2008-06-06,[]
2008-06-13,[]
2008-06-20,[]
2008-06-27,[]
2008-07-04,[]
2008-07-11,[]
2008-07-18,[]
2008-07-25,[]
2008-08-01,[]
2008-08-08,[]
2008-08-15,[]
2008-08-22,[]
2008-08-29,[]
2008-09-05,[]
2008-09-12,[]
2008-09-19,[]
2008-09-26,[]
2008-10-03,[]
2008-10-10,[]
2008-10-17,[]
2008-10-24,[]
2008-10-31,[]
2008-11-07,[]
2008-11-14,[]
2008-11-21,[]
2008-11-28,[]
2008-12-05,[]
2008-12-12,[]
2008-12-19,[]
2008-12-26,[]
2009-01-02,[]
2009-01-09,[]
2009-01-16,[]
2009-01-23,[]
2009-01-30,[]
2009-02-06,[]
2009-02-13,[]
2009-02-20,[]
2009-02-27,[]
2009-03-06,[]
2009-03-13,[]
2009-03-20,[]
2009-03-27,[]
2009-04-03,[]
2009-04-10,[]
2009-04-17,[]
2009-04-24,[]
2009-05-01,[]
2009-05-08,"[('ACAD', 1.809999942779541, 0)]"
2009-05-15,"[('ACAD', 1.6100000143051147, -1)]"
2009-05-22,"[('ACTG', 5.0, 0)]"
2009-05-29,"[('ACTG', 5.53000020980835, 0)]"
2009-06-05,"[('ACTG', 5.849999904632568, 0), ('ACAD', 2.470000028610229, 0)]"
2009-06-12,"[('ACTG', 6.699999809265137, 0), ('ACAD', 2.1600000858306885, 0)]"
2009-06-19,"[('ACTG', 7.0, 0), ('ACAD', 2.2300000190734863, 0)]"
2009-06-26,"[('ACTG', 7.599999904632568, 0), ('ACAD', 2.0799999237060547, 0)]"
2009-07-03,"[('ACTG', 7.380000114440918, 0), ('ACAD', 2.009999990463257, 0)]"
2009-07-10,"[('ACTG', 7.03000020980835, 0), ('ACAD', 2.009999990463257, 0)]"
2009-07-17,"[('ACTG', 8.3100004196167, 0), ('ACAD', 2.289999961853028, 0)]"
2009-07-24,"[('ACTG', 8.239999771118164, 0), ('ACAD', 3.4100000858306885, 0)]"
2009-07-31,"[('ABAX', 26.770000457763672, 0), ('ACTG', 7.860000133514404, 0), ('ACAD', 4.070000171661377, 0)]"
2009-08-07,"[('ABAX', 27.61000061035156, 0), ('ACTG', 7.989999771118164, 0), ('ACAD', 4.619999885559082, 0)]"
2009-08-14,"[('ABAX', 28.1200008392334, 0), ('ACTG', 7.789999961853027, 0), ('ACAD', 6.21999979019165, 0), ('AXDX', 3.25, 0)]"
2009-08-21,"[('ABAX', 27.790000915527344, 0), ('ACTG', 9.109999656677246, 0), ('ACAD', 5.639999866485596, 0), ('AXDX', 3.200000047683716, 0), ('ACCO', 5.570000171661377, 0)]"
2009-08-28,"[('ABAX', 27.239999771118164, 0), ('ACTG', 9.25, 0), ('ACAD', 5.980000019073486, 0), ('AXDX', 3.2699999809265137, 0), ('ACCO', 5.760000228881836, 0)]"
2009-09-04,"[('ABAX', 26.6299991607666, 0), ('ACTG', 8.970000267028809, 0), ('ACAD', 2.0299999713897705, -1), ('AXDX', 2.950000047683716, 0), ('ACCO', 5.690000057220459, 0)]"
2009-09-11,"[('ABAX', 27.559999465942383, 0), ('ACTG', 8.920000076293945, 0), ('AXDX', 3.240000009536743, 0), ('ACCO', 5.880000114440918, 0)]"
2009-09-18,"[('DDD', 3.496665954589844, 0), ('ABAX', 28.729999542236328, 0), ('ACTG', 8.9399995803833, 0), ('AXDX', 3.2300000190734863, 0), ('ACCO', 7.139999866485596, 0)]"
2009-09-25,"[('DDD', 3.096666097640991, 0), ('ABAX', 27.030000686645508, 0), ('ACTG', 8.699999809265137, 0), ('AXDX', 1.7300000190734863, -1), ('ACCO', 7.179999828338623, 0)]"
2009-10-02,"[('DDD', 3.0199999809265137, 0), ('ABAX', 25.84000015258789, 0), ('ACTG', 7.800000190734863, 0), ('ACCO', 6.480000019073486, 0)]"
2009-10-09,"[('DDD', 3.1700000762939453, 0), ('EGHT', 1.2000000476837158, 0), ('ABAX', 26.489999771118164, 0), ('ACTG', 8.699999809265137, 0), ('ACCO', 7.420000076293945, 0)]"
2009-10-16,"[('DDD', 3.130000114440918, -1), ('EGHT', 1.159999966621399, 0), ('ABAX', 24.209999084472656, -1), ('ACTG', 9.029999732971191, 0), ('ACCO', 7.329999923706055, 0)]"
2009-10-23,"[('EGHT', 1.2000000476837158, 0), ('ACTG', 8.5, 0), ('ACCO', 7.099999904632568, 0)]"
2009-10-30,"[('EGHT', 1.1799999475479126, 0), ('ACTG', 7.599999904632568, -1), ('ACCO', 6.059999942779541, 0)]"
2009-11-06,"[('EGHT', 1.1399999856948853, 0), ('ACCO', 6.309999942779541, 0)]"
2009-11-13,"[('EGHT', 1.100000023841858, 0), ('ACCO', 6.440000057220459, 0)]"
2009-11-20,"[('EGHT', 1.0800000429153442, 0), ('ACCO', 6.110000133514404, 0)]"
2009-11-27,"[('EGHT', 1.1200000047683716, 0), ('ACCO', 6.0, 0)]"
2009-12-04,"[('EGHT', 1.2200000286102295, 0), ('ACCO', 6.889999866485596, 0)]"
2009-12-11,"[('EGHT', 1.190000057220459, 0), ('ACCO', 7.050000190734863, 0)]"
2009-12-18,"[('EGHT', 1.409999966621399, 0), ('ACCO', 7.420000076293945, 0)]"
2009-12-25,"[('EGHT', 1.4700000286102295, 0), ('ACCO', 7.650000095367432, 0)]"
2010-01-01,"[('EGHT', 1.5, 0), ('ACCO', 7.28000020980835, 0)]"
2010-01-08,"[('EGHT', 1.600000023841858, 0), ('ACCO', 8.079999923706055, 0)]"
2010-01-15,"[('EGHT', 1.3700000047683716, 0), ('ACCO', 8.140000343322754, 0)]"
2010-01-22,"[('EGHT', 1.3200000524520874, 0), ('ACCO', 8.220000267028809, 0)]"
2010-01-29,"[('EGHT', 1.2100000381469729, 0), ('ACCO', 7.699999809265137, 0)]"
2010-02-05,"[('EGHT', 1.2599999904632568, 0), ('ACCO', 7.190000057220459, 0)]"
2010-02-12,"[('EGHT', 1.3899999856948853, 0), ('ACCO', 7.25, 0)]"
2010-02-19,"[('EGHT', 1.3600000143051147, 0), ('ACCO', 7.510000228881836, 0)]"
2010-02-26,"[('EGHT', 1.340000033378601, 0), ('ACCO', 7.170000076293945, -1)]"
2010-03-05,"[('EGHT', 1.2799999713897705, 0)]"
2010-03-12,"[('EGHT', 1.309999942779541, 0)]"
2010-03-19,"[('EGHT', 1.25, -1)]"
2010-03-26,[]
2010-04-02,[]
2010-04-09,[]
2010-04-16,[]
2010-04-23,"[('ACTG', 14.380000114440918, 0)]"
2010-04-30,"[('ACTG', 14.880000114440918, 0)]"
2010-05-07,"[('ACTG', 13.8100004196167, 0)]"
2010-05-14,"[('ACTG', 15.470000267028809, 0)]"
2010-05-21,"[('ACTG', 14.859999656677246, 0)]"
2010-05-28,"[('ACTG', 15.050000190734863, 0)]"
2010-06-04,"[('ACTG', 14.539999961853027, 0)]"
2010-06-11,"[('ACTG', 14.300000190734863, 0)]"
2010-06-18,"[('ACTG', 15.789999961853027, 0), ('AXDX', 1.2699999809265137, 0)]"
2010-06-25,"[('ACTG', 15.369999885559082, 0), ('AXDX', 1.149999976158142, 0)]"
2010-07-02,"[('ACTG', 14.729999542236328, 0), ('AXDX', 1.2200000286102295, 0)]"
2010-07-09,"[('ACTG', 15.149999618530272, 0), ('AXDX', 1.1200000047683716, 0)]"
2010-07-16,"[('ACTG', 15.15999984741211, 0), ('AXDX', 0.8500000238418579, -1)]"
2010-07-23,"[('ACTG', 13.880000114440918, 0)]"
2010-07-30,"[('ACTG', 13.390000343322754, 0)]"
2010-08-06,"[('ACTG', 14.210000038146973, 0)]"
2010-08-13,"[('ACTG', 13.880000114440918, 0)]"
2010-08-20,"[('ACTG', 13.68000030517578, 0)]"
2010-08-27,"[('ACTG', 15.869999885559082, 0)]"
2010-09-03,"[('ACTG', 15.970000267028809, 0)]"
2010-09-10,"[('ACTG', 16.299999237060547, 0)]"
2010-09-17,"[('ACTG', 17.1200008392334, 0)]"
2010-09-24,"[('ACTG', 17.25, 0)]"
2010-10-01,"[('EGHT', 2.200000047683716, 0), ('ACTG', 20.649999618530277, 0)]"
2010-10-08,"[('EGHT', 2.299999952316284, 0), ('ACTG', 21.56999969482422, 0)]"
2010-10-15,"[('EGHT', 2.2699999809265137, 0), ('ACTG', 21.6200008392334, 0)]"
2010-10-22,"[('EGHT', 2.7100000381469727, 0), ('ACTG', 25.790000915527344, 0)]"
2010-10-29,"[('DDD', 8.613332748413086, 0), ('EGHT', 2.900000095367432, 0), ('ACTG', 26.6200008392334, 0)]"
2010-11-05,"[('DDD', 9.100000381469728, 0), ('EGHT', 2.9800000190734863, 0), ('ACTG', 27.18000030517578, 0)]"
2010-11-12,"[('DDD', 8.516666412353516, 0), ('EGHT', 3.150000095367432, 0), ('ACTG', 26.0, 0)]"
2010-11-19,"[('DDD', 9.223333358764648, 0), ('EGHT', 2.9600000381469727, 0), ('ACTG', 25.40999984741211, 0)]"
2010-11-26,"[('DDD', 9.766666412353516, 0), ('EGHT', 2.880000114440918, 0), ('ACTG', 27.850000381469727, 0)]"
2010-12-03,"[('DDD', 9.66333293914795, 0), ('EGHT', 2.609999895095825, 0), ('ACTG', 28.46999931335449, 0)]"
2010-12-10,"[('DDD', 10.359999656677246, 0), ('EGHT', 2.2300000190734863, 0), ('ACTG', 29.420000076293945, 0)]"
2010-12-17,"[('DDD', 10.579999923706056, 0), ('EGHT', 2.2799999713897705, 0), ('ACTG', 26.01000022888184, 0)]"
2010-12-24,"[('DDD', 10.779999732971191, 0), ('EGHT', 2.2699999809265137, 0), ('ACTG', 26.049999237060547, 0)]"
2010-12-31,"[('DDD', 10.496665954589844, 0), ('EGHT', 2.380000114440918, 0), ('ACTG', 25.940000534057617, 0)]"
2011-01-07,"[('DDD', 9.85666561126709, 0), ('EGHT', 2.7300000190734863, 0), ('ACTG', 26.5, 0)]"
2011-01-14,"[('DDD', 10.273332595825195, 0), ('EGHT', 2.7799999713897705, 0), ('ACTG', 28.8700008392334, 0), ('ACAD', 1.6325000524520874, 0)]"
2011-01-21,"[('DDD', 9.59333324432373, 0), ('EGHT', 2.700000047683716, 0), ('ACTG', 27.13999938964844, 0), ('ACAD', 1.6699999570846558, 0)]"
2011-01-28,"[('DDD', 9.0600004196167, 0), ('EGHT', 2.6589999198913574, 0), ('ACTG', 23.84000015258789, 0), ('ACAD', 1.7100000381469729, 0)]"
2011-02-04,"[('DDD', 9.976666450500488, 0), ('EGHT', 2.740000009536743, 0), ('ACTG', 25.46999931335449, 0), ('ACAD', 1.7799999713897705, 0)]"
2011-02-11,"[('DDD', 11.383333206176758, 0), ('EGHT', 2.630000114440918, 0), ('ACTG', 26.1299991607666, 0), ('ACAD', 1.7100000381469729, 0)]"
2011-02-18,"[('DDD', 16.04666519165039, 0), ('EGHT', 2.609999895095825, 0), ('AXAS', 5.360000133514404, 0), ('ACTG', 25.36000061035156, 0), ('ACAD', 1.6699999570846558, 0), ('AXDX', 2.700000047683716, 0)]"
2011-02-25,"[('DDD', 15.69666576385498, 0), ('EGHT', 2.609999895095825, 0), ('AXAS', 5.869999885559082, 0), ('ACTG', 28.290000915527344, 0), ('ACAD', 1.559999942779541, 0), ('AXDX', 2.5999999046325684, 0)]"
2011-03-04,"[('DDD', 17.09666633605957, 0), ('EGHT', 2.740000009536743, 0), ('AXAS', 5.570000171661377, 0), ('ACTG', 33.18000030517578, 0), ('ACAD', 1.7400000095367432, 0), ('AXDX', 4.3531999588012695, 0)]"
2011-03-11,"[('DDD', 14.886666297912598, 0), ('EGHT', 2.8499999046325684, 0), ('AXAS', 4.920000076293945, 0), ('ACTG', 34.349998474121094, 0), ('ACAD', 1.6399999856948853, 0), ('AXDX', 2.750099897384644, 0)]"
2011-03-18,"[('DDD', 14.50666618347168, 0), ('EGHT', 2.640000104904175, -1), ('AXAS', 4.920000076293945, 0), ('ACTG', 32.43000030517578, 0), ('ACAD', 1.4700000286102295, 0), ('AXDX', 3.630000114440918, 0)]"
2011-03-25,"[('DDD', 14.416666030883787, 0), ('AXAS', 5.010000228881836, 0), ('ACTG', 32.220001220703125, 0), ('ACAD', 1.6200000047683716, 0), ('AXDX', 4.0, 0)]"
2011-04-01,"[('DDD', 18.350000381469727, 0), ('AXAS', 5.679999828338623, 0), ('ACTG', 35.599998474121094, 0), ('ACAD', 1.649999976158142, 0), ('AXDX', 3.539999961853028, 0)]"
2011-04-08,"[('DDD', 18.84000015258789, 0), ('AXAS', 5.619999885559082, 0), ('ACTG', 35.27000045776367, 0), ('ACAD', 1.7300000190734863, 0), ('AXDX', 3.569999933242798, 0)]"
2011-04-15,"[('DDD', 16.286666870117188, 0), ('AXAS', 4.929999828338623, 0), ('ACTG', 36.93999862670898, 0), ('ACAD', 1.7699999809265137, 0), ('AXDX', 3.559999942779541, 0)]"
2011-04-22,"[('DDD', 17.583332061767578, 0), ('AXAS', 5.159999847412109, 0), ('ACTG', 38.81999969482422, 0), ('ACAD', 2.240000009536743, 0), ('AXDX', 3.5, 0)]"
2011-04-29,"[('DDD', 13.906665802001951, 0), ('AXAS', 5.079999923706055, 0), ('ACTG', 41.119998931884766, 0), ('ACAD', 2.75, 0), ('AXDX', 3.859999895095825, 0)]"
2011-05-06,"[('DDD', 13.273332595825195, 0), ('AXAS', 4.230000019073486, -1), ('ACTG', 39.0, 0), ('ACAD', 2.380000114440918, 0), ('AXDX', 3.6298999786376953, 0)]"
2011-05-13,"[('DDD', 12.316665649414062, -1), ('ACTG', 38.619998931884766, 0), ('ACAD', 2.2699999809265137, 0), ('AXDX', 3.829999923706055, 0)]"
2011-05-20,"[('ACTG', 38.720001220703125, 0), ('ACAD', 2.0299999713897705, 0), ('AXDX', 4.639999866485596, 0)]"
2011-05-27,"[('ACTG', 38.22999954223633, 0), ('ACAD', 1.940000057220459, 0), ('AXDX', 5.21999979019165, 0)]"
2011-06-03,"[('ACTG', 35.84000015258789, 0), ('ACAD', 1.899999976158142, 0), ('AXDX', 5.119999885559082, 0)]"
2011-06-10,"[('ACTG', 32.95000076293945, -1), ('ACAD', 1.75, 0), ('AXDX', 7.130000114440918, 0)]"
2011-06-17,"[('ACAD', 1.5199999809265137, -1), ('AXDX', 4.949999809265137, 0)]"
2011-06-24,"[('AXDX', 5.25, 0)]"
2011-07-01,"[('AXDX', 4.170000076293945, 0)]"
2011-07-08,"[('AXDX', 4.050000190734863, 0)]"
2011-07-15,"[('AXDX', 4.050000190734863, 0)]"
2011-07-22,"[('AXDX', 3.690000057220459, -1)]"
2011-07-29,[]
2011-08-05,[]
2011-08-12,[]
2011-08-19,[]
2011-08-26,[]
2011-09-02,[]
2011-09-09,[]
2011-09-16,[]
2011-09-23,[]
2011-09-30,[]
2011-10-07,[]
2011-10-14,[]
2011-10-21,[]
2011-10-28,[]
2011-11-04,[]
2011-11-11,[]
2011-11-18,[]
2011-11-25,[]
2011-12-02,[]
2011-12-09,[]
2011-12-16,[]
2011-12-23,[]
2011-12-30,[]
2012-01-06,[]
2012-01-13,[]
2012-01-20,[]
2012-01-27,[]
2012-02-03,[]
2012-02-10,[]
2012-02-17,"[('ACCO', 12.100000381469728, 0)]"
2012-02-24,"[('ACCO', 12.289999961853027, 0)]"
2012-03-02,"[('ACCO', 12.010000228881836, 0)]"
2012-03-09,"[('ACCO', 11.81999969482422, 0)]"
2012-03-16,"[('ACCO', 12.720000267028809, 0)]"
2012-03-23,"[('ACCO', 12.489999771118164, 0)]"
2012-03-30,"[('ACCO', 12.40999984741211, 0)]"
2012-04-06,"[('ACCO', 12.039999961853027, 0)]"
2012-04-13,"[('ACCO', 11.529999732971191, 0)]"
2012-04-20,"[('ACCO', 11.029999732971191, 0)]"
2012-04-27,"[('ACCO', 10.970000267028809, 0)]"
2012-05-04,"[('ACCO', 10.829999923706056, 0)]"
2012-05-11,"[('ACCO', 10.4399995803833, -1)]"
2012-05-18,[]
2012-05-25,[]
2012-06-01,[]
2012-06-08,[]
2012-06-15,[]
2012-06-22,[]
2012-06-29,[]
2012-07-06,"[('AXDX', 3.0, 0)]"
2012-07-13,"[('AXDX', 3.3399999141693115, 0)]"
2012-07-20,"[('AXDX', 3.2100000381469727, 0)]"
2012-07-27,"[('AXDX', 3.1600000858306885, 0)]"
2012-08-03,"[('AXDX', 3.069999933242798, 0)]"
2012-08-10,"[('AXDX', 2.950000047683716, 0)]"
2012-08-17,"[('AXDX', 2.950000047683716, 0)]"
2012-08-24,"[('AXDX', 2.8299999237060547, 0)]"
2012-08-31,"[('AXDX', 2.880000114440918, 0)]"
2012-09-07,"[('AXDX', 2.981800079345703, 0)]"
2012-09-14,"[('AXDX', 3.0899999141693115, 0)]"
2012-09-21,"[('ACAD', 2.619999885559082, 0), ('AXDX', 3.240000009536743, 0)]"
2012-09-28,"[('ACAD', 2.5299999713897705, 0), ('AXDX', 3.3299999237060547, 0)]"
2012-10-05,"[('ACAD', 2.619999885559082, 0), ('AXDX', 3.700000047683716, 0)]"
2012-10-12,"[('ACAD', 2.400000095367432, 0), ('AXDX', 3.7699999809265137, 0)]"
2012-10-19,"[('ACAD', 2.400000095367432, 0), ('AXDX', 3.950000047683716, 0)]"
2012-10-26,"[('ACAD', 2.2699999809265137, 0), ('AXDX', 4.0, 0)]"
2012-11-02,"[('ACAD', 2.180000066757202, 0), ('AXDX', 3.7100000381469727, 0)]"
2012-11-09,"[('ACAD', 2.2699999809265137, 0), ('AXDX', 3.670000076293945, 0)]"
2012-11-16,"[('ACAD', 1.909999966621399, -1), ('AXDX', 3.680000066757202, 0)]"
2012-11-23,"[('AXDX', 3.630000114440918, 0)]"
2012-11-30,"[('ACAD', 5.199999809265137, 0), ('AXDX', 3.611500024795532, 0)]"
2012-12-07,"[('ACAD', 4.550000190734863, 0), ('AXDX', 3.450000047683716, -1)]"
2012-12-14,"[('ACAD', 4.760000228881836, 0)]"
2012-12-21,"[('ACAD', 4.510000228881836, 0)]"
2012-12-28,"[('ACAD', 4.510000228881836, 0)]"
2013-01-04,"[('DDD', 39.22666549682617, 0), ('ACAD', 4.949999809265137, 0)]"
2013-01-11,"[('DDD', 40.23333358764648, 0), ('ACAD', 5.010000228881836, 0)]"
2013-01-18,"[('DDD', 43.880001068115234, 0), ('ACAD', 5.21999979019165, 0)]"
2013-01-25,"[('DDD', 46.04666519165039, 0), ('ACAD', 6.190000057220459, 0)]"
2013-02-01,"[('DDD', 39.02666473388672, 0), ('ACAD', 6.019999980926514, 0)]"
2013-02-08,"[('DDD', 44.606666564941406, 0), ('ACAD', 6.0, 0)]"
2013-02-15,"[('DDD', 39.68666458129883, 0), ('ACAD', 6.090000152587891, 0)]"
2013-02-22,"[('DDD', 37.96666717529297, 0), ('ACAD', 6.130000114440918, 0), ('AXDX', 5.679999828338623, 0)]"
2013-03-01,"[('DDD', 36.70000076293945, 0), ('ACAD', 6.360000133514404, 0), ('AXDX', 5.21999979019165, 0)]"
2013-03-08,"[('DDD', 33.720001220703125, -1), ('ACAD', 6.53000020980835, 0), ('AXDX', 5.239999771118164, 0)]"
2013-03-15,"[('ACAD', 6.260000228881836, 0), ('AXDX', 6.150000095367432, 0)]"
2013-03-22,"[('ACAD', 7.570000171661377, 0), ('AXDX', 7.0, 0)]"
2013-03-29,"[('ACAD', 7.940000057220459, 0), ('AXDX', 7.269999980926514, 0)]"
2013-04-05,"[('ACAD', 7.699999809265137, 0), ('AXDX', 6.630000114440918, 0)]"
2013-04-12,"[('ACAD', 12.539999961853027, 0), ('AXDX', 6.090000152587891, 0)]"
2013-04-19,"[('ACAD', 12.09000015258789, 0), ('AXDX', 5.070000171661377, 0)]"
2013-04-26,"[('ACAD', 13.399999618530272, 0), ('AXDX', 5.980000019073486, 0)]"
2013-05-03,"[('ACAD', 12.350000381469728, 0), ('AXDX', 6.889999866485596, 0)]"
2013-05-10,"[('ACAD', 12.020000457763672, 0), ('AXDX', 7.460000038146973, 0)]"
2013-05-17,"[('ACAD', 13.270000457763672, 0), ('AXDX', 7.920000076293945, 0)]"
2013-05-24,"[('ACAD', 14.189000129699709, 0), ('AXDX', 8.670000076293945, 0)]"
2013-05-31,"[('ACAD', 14.06999969482422, 0), ('AXDX', 8.789999961853027, 0)]"
2013-06-07,"[('ACAD', 17.010000228881836, 0), ('AXDX', 8.489999771118164, 0)]"
2013-06-14,"[('ACAD', 19.309999465942383, 0), ('AXDX', 9.220000267028809, 0)]"
2013-06-21,"[('ACAD', 17.979999542236328, 0), ('AXDX', 7.989999771118164, 0)]"
2013-06-28,"[('ACAD', 18.149999618530277, 0), ('AXDX', 8.119999885559082, 0)]"
2013-07-05,"[('ACAD', 18.040000915527344, 0), ('AXDX', 8.149999618530273, 0)]"
2013-07-12,"[('ACAD', 18.489999771118164, 0), ('AXDX', 8.300000190734863, 0)]"
2013-07-19,"[('ACAD', 20.020000457763672, 0), ('AXDX', 8.170000076293945, 0)]"
2013-07-26,"[('ACAD', 18.6299991607666, 0), ('AXDX', 8.829999923706055, 0)]"
2013-08-02,"[('ACAD', 20.40999984741211, 0), ('AXDX', 8.15999984741211, 0)]"
2013-08-09,"[('ACAD', 20.76000022888184, 0), ('AXDX', 7.510000228881836, 0)]"
2013-08-16,"[('ACAD', 19.700000762939453, 0), ('AXDX', 8.0600004196167, 0)]"
2013-08-23,"[('ACAD', 20.6299991607666, 0), ('AXDX', 8.890000343322754, 0)]"
2013-08-30,"[('ACAD', 19.959999084472656, 0), ('AXDX', 9.510000228881836, 0)]"
2013-09-06,"[('ACAD', 21.40999984741211, 0), ('AXDX', 9.40999984741211, 0)]"
2013-09-13,"[('ACAD', 23.1200008392334, 0), ('AXDX', 9.630000114440918, 0)]"
2013-09-20,"[('ACAD', 24.8700008392334, 0), ('AXDX', 9.890000343322754, 0)]"
2013-09-27,"[('ACAD', 27.030000686645508, 0), ('AXDX', 11.0600004196167, 0)]"
2013-10-04,"[('ACAD', 28.770000457763672, 0), ('AXDX', 13.630000114440918, 0)]"
2013-10-11,"[('ACAD', 21.489999771118164, 0), ('AXDX', 14.43000030517578, 0)]"
2013-10-18,"[('ACAD', 23.989999771118164, 0), ('AXDX', 15.6899995803833, 0)]"
2013-10-25,"[('ACAD', 24.06999969482422, 0), ('AXDX', 13.0, 0)]"
2013-11-01,"[('ACAD', 22.5, 0), ('AXDX', 13.279999732971191, 0)]"
2013-11-08,"[('ACAD', 21.729999542236328, 0), ('AXDX', 12.369999885559082, 0)]"
2013-11-15,"[('ACAD', 22.82999992370605, 0), ('AXDX', 12.510000228881836, 0)]"
2013-11-22,"[('ACAD', 22.34000015258789, 0), ('AXDX', 12.510000228881836, 0)]"
2013-11-29,"[('ACAD', 23.290000915527344, 0), ('AXDX', 13.539999961853027, 0)]"
2013-12-06,"[('ACAD', 24.38999938964844, 0), ('AXDX', 12.829999923706056, 0)]"
2013-12-13,"[('ACAD', 23.02899932861328, 0), ('AXDX', 13.850000381469728, 0)]"
2013-12-20,"[('ACAD', 24.15999984741211, 0), ('AXDX', 13.739999771118164, 0)]"
2013-12-27,"[('ACAD', 25.299999237060547, 0), ('AXDX', 13.899999618530272, 0)]"
2014-01-03,"[('ACAD', 25.26000022888184, 0), ('AXDX', 11.59000015258789, -1)]"
2014-01-10,"[('DDD', 94.4499969482422, 0), ('ACAD', 24.1299991607666, 0)]"
2014-01-17,"[('DDD', 90.52999877929688, 0), ('ACAD', 24.040000915527344, 0)]"
2014-01-24,"[('DDD', 79.87000274658203, 0), ('ACAD', 23.11000061035156, -1)]"
2014-01-31,"[('DDD', 77.7300033569336, 0)]"
2014-02-07,"[('DDD', 66.44000244140625, -1)]"
2014-02-14,[]
2014-02-21,[]
2014-02-28,[]
2014-03-07,[]
2014-03-14,[]
2014-03-21,[]
2014-03-28,"[('AXDX', 20.020000457763672, 0)]"
2014-04-04,"[('AXDX', 18.670000076293945, 0)]"
2014-04-11,"[('AXDX', 18.059999465942383, 0)]"
2014-04-18,"[('AXDX', 17.84000015258789, 0)]"
2014-04-25,"[('AXAS', 5.190000057220459, 0), ('AXDX', 17.239999771118164, 0)]"
2014-05-02,"[('AXAS', 5.420000076293945, 0), ('AXDX', 17.559999465942383, 0)]"
2014-05-09,"[('AXAS', 5.340000152587891, 0), ('AXDX', 17.25, 0)]"
2014-05-16,"[('AXAS', 4.679999828338623, 0), ('AXDX', 21.25, 0)]"
2014-05-23,"[('AXAS', 5.110000133514404, 0), ('AXDX', 22.549999237060547, 0)]"
2014-05-30,"[('AXAS', 5.019999980926514, 0), ('AXDX', 23.82999992370605, 0)]"
2014-06-06,"[('AXAS', 5.28000020980835, 0), ('AXDX', 24.88999938964844, 0)]"
2014-06-13,"[('AXAS', 5.139999866485596, 0), ('AXDX', 25.11000061035156, 0)]"
2014-06-20,"[('AXAS', 5.579999923706055, 0), ('AXDX', 29.32999992370605, 0)]"
2014-06-27,"[('AXAS', 6.230000019073486, 0), ('AXDX', 30.07999992370605, 0)]"
2014-07-04,"[('AXAS', 6.139999866485596, 0), ('AXDX', 26.3799991607666, 0)]"
2014-07-11,"[('AXAS', 5.849999904632568, 0), ('AXDX', 23.799999237060547, 0)]"
2014-07-18,"[('AXAS', 5.670000076293945, 0), ('AXDX', 19.780000686645508, -1)]"
2014-07-25,"[('AXAS', 5.804999828338623, 0)]"
2014-08-01,"[('AXAS', 4.960000038146973, 0)]"
2014-08-08,"[('AXAS', 5.309999942779541, 0)]"
2014-08-15,"[('AXAS', 5.489999771118164, 0)]"
2014-08-22,"[('AXAS', 5.480000019073486, 0)]"
2014-08-29,"[('AXAS', 5.909999847412109, 0)]"
2014-09-05,"[('AXAS', 5.730000019073486, 0)]"
2014-09-12,"[('AXAS', 5.260000228881836, -1)]"
2014-09-19,[]
2014-09-26,[]
2014-10-03,[]
2014-10-10,[]
2014-10-17,[]
2014-10-24,[]
2014-10-31,[]
2014-11-07,[]
2014-11-14,[]
2014-11-21,[]
2014-11-28,[]
2014-12-05,[]
2014-12-12,[]
2014-12-19,[]
2014-12-26,[]
2015-01-02,[]
2015-01-09,[]
2015-01-16,[]
2015-01-23,[]
2015-01-30,"[('ABMD', 51.7400016784668, 0)]"
2015-02-06,"[('ABMD', 57.93999862670898, 0)]"
2015-02-13,"[('ABMD', 60.38999938964844, 0)]"
2015-02-20,"[('ABMD', 60.34999847412109, 0)]"
2015-02-27,"[('ABMD', 60.790000915527344, 0)]"
2015-03-06,"[('ABMD', 60.34999847412109, 0)]"
2015-03-13,"[('ABMD', 60.86000061035156, 0)]"
2015-03-20,"[('ABMD', 60.0, 0)]"
2015-03-27,"[('ABMD', 70.30999755859375, 0)]"
2015-04-03,"[('ABMD', 70.72000122070312, 0)]"
2015-04-10,"[('ABMD', 69.3499984741211, 0)]"
2015-04-17,"[('ABMD', 67.29000091552734, 0)]"
2015-04-24,"[('ABMD', 68.83000183105469, 0)]"
2015-05-01,"[('ABMD', 63.790000915527344, 0)]"
2015-05-08,"[('ABMD', 67.37000274658203, 0)]"
2015-05-15,"[('ABMD', 67.44999694824219, 0)]"
2015-05-22,"[('ABMD', 63.45000076293945, 0)]"
2015-05-29,"[('ABMD', 59.720001220703125, 0)]"
2015-06-05,"[('ABMD', 63.81999969482422, 0)]"
2015-06-12,"[('ABMD', 63.650001525878906, 0)]"
2015-06-19,"[('ABMD', 67.7300033569336, 0)]"
2015-06-26,"[('ABMD', 66.75, 0)]"
2015-07-03,"[('ABMD', 65.20999908447266, 0)]"
2015-07-10,"[('ABMD', 68.04000091552734, 0)]"
2015-07-17,"[('ABMD', 72.33000183105469, 0)]"
2015-07-24,"[('ABMD', 73.0999984741211, 0)]"
2015-07-31,"[('ABMD', 77.45999908447266, 0)]"
2015-08-07,"[('ABMD', 95.68000030517578, 0)]"
2015-08-14,"[('ABMD', 103.91999816894533, 0)]"
2015-08-21,"[('ABMD', 97.08000183105467, 0)]"
2015-08-28,"[('ABMD', 98.2300033569336, 0)]"
2015-09-04,"[('ABMD', 93.81999969482422, 0)]"
2015-09-11,"[('ABMD', 95.56999969482422, 0)]"
2015-09-18,"[('ABMD', 104.18000030517578, 0)]"
2015-09-25,"[('ABMD', 95.11000061035156, 0)]"
2015-10-02,"[('ABMD', 90.3000030517578, 0)]"
2015-10-09,"[('ABMD', 83.62999725341797, 0)]"
2015-10-16,"[('ABMD', 93.11000061035156, 0)]"
2015-10-23,"[('ABMD', 92.76000213623048, 0)]"
2015-10-30,"[('ABMD', 73.66000366210938, -1)]"
2015-11-06,[]
2015-11-13,[]
2015-11-20,[]
2015-11-27,[]
2015-12-04,[]
2015-12-11,[]
2015-12-18,[]
2015-12-25,[]
2016-01-01,[]
2016-01-08,[]
2016-01-15,[]
2016-01-22,[]
2016-01-29,[]
2016-02-05,[]
2016-02-12,[]
2016-02-19,[]
2016-02-26,[]
2016-03-04,[]
2016-03-11,[]
2016-03-18,[]
2016-03-25,[]
2016-04-01,[]
2016-04-08,[]
2016-04-15,"[('DDD', 17.149999618530273, 0)]"
2016-04-22,"[('DDD', 18.559999465942383, 0)]"
2016-04-29,"[('DDD', 17.690000534057617, 0)]"
2016-05-06,"[('DDD', 13.15999984741211, -1)]"
2016-05-13,[]
2016-05-20,[]
2016-05-27,[]
2016-06-03,[]
2016-06-10,[]
2016-06-17,[]
2016-06-24,[]
2016-07-01,[]
2016-07-08,[]
2016-07-15,[]
2016-07-22,[]
2016-07-29,[]
2016-08-05,[]
2016-08-12,[]
2016-08-19,[]
2016-08-26,[]
2016-09-02,"[('ACTG', 7.0, 0)]"
2016-09-09,"[('ACTG', 6.46999979019165, 0), ('AXDX', 24.190000534057617, 0)]"
2016-09-16,"[('ACTG', 6.53000020980835, 0), ('AXDX', 27.200000762939453, 0)]"
2016-09-23,"[('ACTG', 6.329999923706055, 0), ('AXDX', 27.40999984741211, 0)]"
2016-09-30,"[('ACTG', 6.519999980926514, 0), ('AXDX', 27.26000022888184, 0)]"
2016-10-07,"[('ACTG', 6.090000152587891, 0), ('AXDX', 26.950000762939453, 0)]"
2016-10-14,"[('ACTG', 5.739999771118164, 0), ('AXDX', 25.899999618530277, 0)]"
2016-10-21,"[('ACTG', 6.150000095367432, 0), ('AXDX', 22.75, 0)]"
2016-10-28,"[('ACTG', 6.050000190734863, 0), ('AXDX', 21.5, 0)]"
2016-11-04,"[('ACTG', 5.699999809265137, -1), ('AXDX', 21.950000762939453, 0)]"
2016-11-11,"[('AXDX', 25.600000381469727, 0)]"
2016-11-18,"[('AXDX', 25.399999618530277, 0)]"
2016-11-25,"[('AXDX', 25.0, 0)]"
2016-12-02,"[('AXDX', 23.049999237060547, 0)]"
2016-12-09,"[('AXDX', 22.600000381469727, 0)]"
2016-12-16,"[('AXDX', 23.049999237060547, 0)]"
2016-12-23,"[('AXDX', 22.299999237060547, -1)]"
2016-12-30,[]
2017-01-06,"[('AXAS', 2.7799999713897705, 0)]"
2017-01-13,"[('AXAS', 2.789999961853028, 0)]"
2017-01-20,"[('AXAS', 2.509999990463257, 0)]"
2017-01-27,"[('AXAS', 2.5299999713897705, 0)]"
2017-02-03,"[('AXAS', 2.470000028610229, 0)]"
2017-02-10,"[('AXAS', 2.319999933242798, 0)]"
2017-02-17,"[('AXAS', 2.309999942779541, 0)]"
2017-02-24,"[('AXAS', 2.1600000858306885, 0)]"
2017-03-03,"[('AXAS', 2.1050000190734863, -1)]"
2017-03-10,[]
2017-03-17,[]
2017-03-24,[]
2017-03-31,[]
2017-04-07,[]
2017-04-14,[]
2017-04-21,[]
2017-04-28,[]
2017-05-05,[]
2017-05-12,[]
2017-05-19,[]
2017-05-26,[]
2017-06-02,[]
2017-06-09,[]
2017-06-16,[]
2017-06-23,[]
2017-06-30,[]
2017-07-07,[]
2017-07-14,[]
2017-07-21,[]
2017-07-28,[]
2017-08-04,[]
2017-08-11,[]
2017-08-18,[]
2017-08-25,[]
2017-09-01,[]
2017-09-08,[]
2017-09-15,[]
2017-09-22,[]
2017-09-29,[]
2017-10-06,[]
2017-10-13,[]
2017-10-20,[]
2017-10-27,[]
2017-11-03,[]
2017-11-10,[]
2017-11-17,[]
2017-11-24,[]
2017-12-01,[]
2017-12-08,[]
2017-12-15,[]
2017-12-22,[]
2017-12-29,[]
2018-01-05,[]
2018-01-12,[]
2018-01-19,[]
2018-01-26,"[('ABAX', 75.70999908447266, 0), ('ANF', 22.209999084472656, 0)]"
2018-02-02,"[('ABAX', 70.61000061035156, 0), ('ANF', 20.540000915527344, 0)]"
2018-02-09,"[('ABAX', 64.58999633789062, 0), ('ANF', 20.649999618530277, 0)]"
2018-02-16,"[('ABAX', 69.05999755859375, 0), ('ANF', 21.920000076293945, 0)]"
2018-02-23,"[('ABAX', 68.6500015258789, 0), ('ANF', 20.93000030517578, 0)]"
2018-03-02,"[('ABAX', 68.63999938964844, 0), ('ANF', 20.68000030517578, 0)]"
2018-03-09,"[('ABAX', 71.69000244140625, 0), ('ANF', 22.299999237060547, 0)]"
2018-03-16,"[('ABAX', 74.97000122070312, 0), ('ANF', 22.479999542236328, 0)]"
2018-03-23,"[('ABAX', 72.44999694824219, 0), ('ANF', 23.25, 0)]"
2018-03-30,"[('ABAX', 70.62000274658203, 0), ('ANF', 24.209999084472656, 0)]"
2018-04-06,"[('ABAX', 68.8499984741211, 0), ('ANF', 27.350000381469727, 0)]"
2018-04-13,"[('ABAX', 72.20999908447266, 0), ('ANF', 28.540000915527344, 0)]"
2018-04-20,"[('ABAX', 72.72000122070312, 0), ('ANF', 26.549999237060547, 0)]"
2018-04-27,"[('ABAX', 66.36000061035156, 0), ('ANF', 25.57999992370605, 0)]"
2018-05-04,"[('ABAX', 68.98999786376953, 0), ('ANF', 25.399999618530277, 0)]"
2018-05-11,"[('ABAX', 70.8499984741211, 0), ('ANF', 25.799999237060547, 0)]"
2018-05-18,"[('ABAX', 83.31999969482422, 0), ('ANF', 27.059999465942383, 0)]"
2018-05-25,"[('ABAX', 83.0, 0), ('ANF', 25.450000762939453, 0)]"
2018-06-01,"[('ABAX', 82.73999786376953, 0), ('ANF', 21.770000457763672, -1)]"
2018-06-08,"[('ABAX', 83.12000274658203, 0)]"
2018-06-15,"[('ABAX', 83.26000213623047, 0)]"
2018-06-22,"[('ABAX', 83.20999908447266, 0)]"
2018-06-29,"[('ABAX', 83.01000213623047, 0)]"
2018-07-06,"[('ABAX', 83.2300033569336, 0)]"
2018-07-13,"[('ABAX', 83.27999877929688, 0)]"
2018-07-20,"[('ABAX', 83.30000305175781, 0)]"
2018-07-27,"[('ABAX', 83.05000305175781, 0)]"
2018-08-03,"[('ABAX', 83.0, 0)]"
2018-08-10,"[('DDD', 19.8799991607666, 0), ('ABAX', 83.0, 0), ('ABAX', 83.0, -1)]"
2018-08-17,"[('DDD', 19.040000915527344, 0)]"
2018-08-24,"[('DDD', 20.90999984741211, 0)]"
2018-08-31,"[('DDD', 20.350000381469727, 0)]"
2018-09-07,"[('DDD', 18.6200008392334, 0)]"
2018-09-14,"[('DDD', 18.489999771118164, 0)]"
2018-09-21,"[('DDD', 18.850000381469727, 0)]"
2018-09-28,"[('DDD', 18.899999618530277, 0)]"
2018-10-05,"[('DDD', 17.969999313354492, 0)]"
2018-10-12,"[('DDD', 17.329999923706055, 0)]"
2018-10-19,"[('DDD', 16.610000610351562, 0)]"
2018-10-26,"[('DDD', 16.459999084472656, 0)]"
2018-11-02,"[('DDD', 12.93000030517578, -1)]"
2018-11-09,[]
2018-11-16,[]
2018-11-23,[]
2018-11-30,[]
2018-12-07,[]
2018-12-14,[]
2018-12-21,[]
2018-12-28,[]
2019-01-04,[]
2019-01-11,[]
2019-01-18,[]
2019-01-25,[]
2019-02-01,[]
2019-02-08,[]
2019-02-15,[]
2019-02-22,[]
2019-03-01,[]
2019-03-08,[]
2019-03-15,[]
2019-03-22,[]
2019-03-29,[]
2019-04-05,[]
2019-04-12,[]
2019-04-19,[]
2019-04-26,[]
2019-05-03,[]
2019-05-10,[]
2019-05-17,[]
2019-05-24,[]
2019-05-31,[]
2019-06-07,[]
2019-06-14,[]
2019-06-21,[]
2019-06-28,[]
2019-07-05,[]
2019-07-12,[]
2019-07-19,[]
2019-07-26,[]
2019-08-02,[]
2019-08-09,[]
2019-08-16,[]
2019-08-23,[]
2019-08-30,[]
2019-09-06,[]
2019-09-13,"[('ACAD', 40.45000076293945, 0)]"
2019-09-20,"[('ACAD', 40.7400016784668, 0)]"
2019-09-27,"[('ACAD', 36.77999877929688, 0)]"
2019-10-04,"[('ACAD', 38.15999984741211, 0)]"
2019-10-11,"[('ACAD', 40.52000045776367, 0)]"
2019-10-18,"[('ACAD', 39.95000076293945, 0)]"
2019-10-25,"[('ACAD', 41.58000183105469, 0)]"
2019-11-01,"[('ACAD', 42.994998931884766, 0)]"
2019-11-08,"[('ACAD', 42.61000061035156, 0)]"
2019-11-15,"[('ACAD', 46.09999847412109, 0)]"
2019-11-22,"[('ACAD', 47.08000183105469, 0)]"
2019-11-29,"[('ACAD', 45.290000915527344, 0)]"
2019-12-06,"[('ACAD', 51.400001525878906, 0)]"
2019-12-13,"[('ACAD', 44.34000015258789, 0)]"
2019-12-20,"[('ACAD', 45.18999862670898, 0)]"
2019-12-27,"[('ACAD', 43.970001220703125, 0)]"
2020-01-03,"[('ACAD', 40.34999847412109, 0)]"
2020-01-10,"[('ACAD', 45.2400016784668, 0)]"
2020-01-17,"[('ACAD', 43.43000030517578, 0)]"
2020-01-24,"[('ACAD', 39.34000015258789, -1)]"
2020-01-31,[]
2020-02-07,[]
2020-02-14,[]
2020-02-21,[]
2020-02-28,"[('AXAS', 3.799999952316284, 0)]"
2020-03-06,"[('AXAS', 3.078000068664551, 0)]"
2020-03-13,"[('AXAS', 2.5980000495910645, 0)]"
2020-03-20,"[('AXAS', 2.400000095367432, 0)]"
2020-03-27,"[('AXAS', 2.312000036239624, 0)]"
2020-04-03,"[('AXAS', 2.601999998092652, 0)]"
2020-04-10,"[('AXAS', 3.1700000762939453, 0)]"
2020-04-17,"[('AXAS', 2.8420000076293945, 0)]"
2020-04-24,"[('AXAS', 6.501999855041504, 0)]"
2020-05-01,"[('AXAS', 5.460000038146973, 0)]"
2020-05-08,"[('AXAS', 4.558000087738037, 0)]"
2020-05-15,"[('AXAS', 4.044000148773193, 0)]"
2020-05-22,"[('AXAS', 4.013999938964844, 0)]"
2020-05-29,"[('AXAS', 3.884000062942505, 0)]"
2020-06-05,"[('AXAS', 5.526000022888184, 0), ('ACTG', 3.7200000286102295, 0)]"
2020-06-12,"[('AXAS', 5.599999904632568, 0), ('ACTG', 4.010000228881836, 0)]"
2020-06-19,"[('AXAS', 5.440000057220459, 0), ('ACTG', 3.890000104904175, 0)]"
2020-06-26,"[('AXAS', 4.943999767303467, 0), ('ACTG', 4.079999923706055, 0)]"
2020-07-03,"[('AXAS', 4.564000129699707, 0), ('ACTG', 4.130000114440918, 0)]"
2020-07-10,"[('AXAS', 4.4720001220703125, 0), ('ACTG', 3.819999933242798, 0)]"
2020-07-17,"[('AXAS', 4.202000141143799, 0), ('ACTG', 4.005000114440918, 0)]"
2020-07-24,"[('AXAS', 4.429999828338623, 0), ('ACTG', 4.070000171661377, 0)]"
2020-07-31,"[('AXAS', 4.039999961853027, 0), ('ACTG', 3.9600000381469727, 0)]"
2020-08-07,"[('AXAS', 4.039999961853027, 0), ('ACTG', 4.139999866485596, 0)]"
2020-08-14,"[('AXAS', 3.690000057220459, -1), ('ACTG', 4.0, 0)]"
2020-08-21,"[('ACTG', 3.920000076293945, 0)]"
2020-08-28,"[('ACTG', 3.839999914169312, 0)]"
2020-09-04,"[('ACTG', 3.799999952316284, 0)]"
2020-09-11,"[('ACTG', 3.759999990463257, 0)]"
2020-09-18,"[('ACTG', 3.799999952316284, 0)]"
2020-09-25,"[('ACTG', 3.380000114440918, -1)]"
2020-10-02,[]
2020-10-09,[]
2020-10-16,[]
2020-10-23,[]
2020-10-30,[]
2020-11-06,[]
2020-11-13,[]
2020-11-20,[]
2020-11-27,"[('ANF', 22.61000061035156, 0), ('ARAY', 4.300000190734863, 0)]"
2020-12-04,"[('ANF', 21.270000457763672, 0), ('ARAY', 4.309999942779541, 0)]"
2020-12-11,"[('EGHT', 31.3799991607666, 0), ('ANF', 20.690000534057617, 0), ('ARAY', 4.369999885559082, 0)]"
2020-12-18,"[('EGHT', 31.5, 0), ('ANF', 20.040000915527344, 0), ('ARAY', 4.710000038146973, 0)]"
2020-12-25,"[('DDD', 11.550000190734863, 0), ('EGHT', 34.70000076293945, 0), ('ANF', 20.09000015258789, 0), ('ARAY', 4.429999828338623, 0)]"
2021-01-01,"[('DDD', 10.479999542236328, 0), ('EGHT', 34.470001220703125, 0), ('ANF', 20.36000061035156, 0), ('ARAY', 4.170000076293945, 0)]"
2021-01-08,"[('DDD', 23.530000686645508, 0), ('EGHT', 35.31999969482422, 0), ('AIR', 37.95000076293945, 0), ('ANF', 21.530000686645508, 0), ('ACHC', 52.0099983215332, 0), ('ARAY', 4.739999771118164, 0)]"
2021-01-15,"[('DDD', 28.25, 0), ('EGHT', 36.72999954223633, 0), ('AIR', 38.20000076293945, 0), ('ANF', 24.26000022888184, 0), ('ACHC', 50.7400016784668, 0), ('ARAY', 4.75, 0)]"
2021-01-22,"[('DDD', 34.47999954223633, 0), ('EGHT', 37.5, 0), ('AIR', 37.15999984741211, 0), ('ANF', 24.31999969482422, 0), ('ACHC', 52.0099983215332, 0), ('ARAY', 5.110000133514404, 0)]"
2021-01-29,"[('DDD', 35.540000915527344, 0), ('EGHT', 35.25, 0), ('AIR', 33.54999923706055, 0), ('ANF', 23.06999969482422, 0), ('ACHC', 50.68000030517578, 0), ('ARAY', 4.940000057220459, 0)]"
2021-02-05,"[('DDD', 47.95000076293945, 0), ('EGHT', 35.790000915527344, 0), ('AIR', 37.0099983215332, 0), ('ANF', 26.040000915527344, 0), ('ACTG', 7.150000095367432, 0), ('ACHC', 54.400001525878906, 0), ('ARAY', 5.425000190734863, 0)]"
2021-02-12,"[('DDD', 47.880001068115234, 0), ('EGHT', 35.900001525878906, 0), ('AIR', 38.38999938964844, 0), ('ANF', 25.100000381469727, 0), ('ACTG', 8.0, 0), ('ACHC', 53.130001068115234, 0), ('ARAY', 5.519999980926514, 0)]"
2021-02-19,"[('DDD', 43.18999862670898, 0), ('EGHT', 37.72999954223633, 0), ('AIR', 40.630001068115234, 0), ('ANF', 26.920000076293945, 0), ('ACTG', 8.5, 0), ('ACHC', 51.810001373291016, 0), ('ARAY', 5.610000133514404, 0)]"
2021-02-26,"[('DDD', 35.84000015258789, 0), ('EGHT', 34.209999084472656, 0), ('AIR', 39.77999877929688, 0), ('ANF', 27.3700008392334, 0), ('ACTG', 7.099999904632568, 0), ('ACHC', 55.2400016784668, 0), ('ARAY', 4.980000019073486, 0)]"
2021-03-05,"[('DDD', 24.75, 0), ('EGHT', 32.90999984741211, 0), ('AIR', 41.77000045776367, 0), ('ANF', 29.700000762939453, 0), ('ACTG', 6.519999980926514, 0), ('ACHC', 54.97999954223633, 0), ('ARAY', 5.079999923706055, 0)]"
2021-03-12,"[('DDD', 31.13999938964844, 0), ('EGHT', 35.25, 0), ('AIR', 43.970001220703125, 0), ('ANF', 34.20000076293945, 0), ('ACTG', 6.389999866485596, 0), ('ACHC', 59.720001220703125, 0), ('ARAY', 5.440000057220459, 0)]"
2021-03-19,"[('DDD', 28.76000022888184, 0), ('EGHT', 33.279998779296875, 0), ('AIR', 42.27999877929688, 0), ('ANF', 35.900001525878906, 0), ('ACTG', 5.820000171661377, 0), ('ACHC', 57.20000076293945, 0), ('ARAY', 5.190000057220459, 0)]"
2021-03-26,"[('DDD', 27.0, 0), ('EGHT', 32.66999816894531, 0), ('AIR', 42.880001068115234, 0), ('ANF', 33.560001373291016, 0), ('ACTG', 6.070000171661377, 0), ('ACHC', 57.709999084472656, 0), ('ARAY', 4.860000133514404, 0)]"
2021-04-02,"[('DDD', 27.049999237060547, 0), ('EGHT', 32.91999816894531, 0), ('AIR', 42.11000061035156, 0), ('ANF', 34.459999084472656, 0), ('ACTG', 6.389999866485596, 0), ('ACHC', 56.79999923706055, 0), ('ARAY', 4.96999979019165, 0)]"
2021-04-09,"[('DDD', 23.899999618530277, -1), ('EGHT', 32.52000045776367, 0), ('AIR', 40.88999938964844, 0), ('ANF', 38.70000076293945, 0), ('ACTG', 6.559999942779541, 0), ('ACHC', 59.709999084472656, 0), ('ARAY', 5.210000038146973, 0)]"
2021-04-16,"[('EGHT', 33.90999984741211, 0), ('AIR', 40.650001525878906, 0), ('ANF', 40.5099983215332, 0), ('ACTG', 5.960000038146973, 0), ('ACHC', 62.119998931884766, 0), ('ARAY', 5.210000038146973, 0)]"
2021-04-23,"[('EGHT', 33.72999954223633, 0), ('AIR', 40.380001068115234, 0), ('ANF', 39.47999954223633, 0), ('ACTG', 6.0, 0), ('ACHC', 62.18999862670898, 0), ('ARAY', 5.329999923706055, 0)]"
2021-04-30,"[('EGHT', 32.88999938964844, 0), ('AIR', 40.2400016784668, 0), ('ANF', 37.4900016784668, 0), ('ACTG', 6.079999923706055, 0), ('ACHC', 60.91999816894531, 0), ('ARAY', 4.699999809265137, -1)]"
2021-05-07,"[('EGHT', 28.959999084472656, -1), ('AIR', 40.34999847412109, 0), ('ANF', 40.75, 0), ('ACTG', 5.949999809265137, 0), ('ACHC', 63.97999954223633, 0)]"
2021-05-14,"[('AIR', 39.880001068115234, 0), ('ANF', 41.290000915527344, 0), ('ACTG', 5.480000019073486, -1), ('ACHC', 65.62000274658203, 0)]"
2021-05-21,"[('AIR', 39.040000915527344, 0), ('ANF', 37.15999984741211, 0), ('ACHC', 62.13999938964844, 0)]"
2021-05-28,"[('AIR', 41.75, 0), ('ANF', 42.70000076293945, 0), ('ACHC', 64.36000061035156, 0)]"
2021-06-04,"[('AIR', 41.43000030517578, 0), ('ANF', 39.52000045776367, 0), ('ACHC', 65.5999984741211, 0)]"
2021-06-11,"[('AIR', 41.06999969482422, 0), ('ANF', 43.09999847412109, 0), ('ACHC', 67.80000305175781, 0)]"
2021-06-18,"[('AIR', 39.630001068115234, -1), ('ANF', 40.34000015258789, 0), ('ACHC', 61.560001373291016, 0)]"
2021-06-25,"[('DDD', 39.29999923706055, 0), ('ANF', 46.2400016784668, 0), ('ACHC', 65.55999755859375, 0)]"
2021-07-02,"[('DDD', 36.11000061035156, 0), ('ANF', 45.81999969482422, 0), ('ACHC', 63.43999862670898, 0)]"
2021-07-09,"[('DDD', 34.40999984741211, 0), ('ANF', 44.650001525878906, 0), ('ACHC', 63.22999954223633, 0)]"
2021-07-16,"[('DDD', 25.299999237060547, -1), ('ANF', 40.04999923706055, 0), ('ACHC', 59.18999862670898, -1)]"
2021-07-23,"[('ANF', 39.040000915527344, 0)]"
2021-07-30,"[('ANF', 37.810001373291016, 0)]"
2021-08-06,"[('ANF', 36.43000030517578, -1)]"
2021-08-13,[]
2021-08-20,[]
2021-08-27,[]
2021-09-03,[]
2021-09-10,[]
2021-09-17,[]
2021-09-24,[]
2021-10-01,[]
2021-10-08,[]
2021-10-15,[]
2021-10-22,[]
2021-10-29,[]
2021-11-05,[]
2021-11-12,[]
2021-11-19,[]
2021-11-26,[]
2021-12-03,[]
2021-12-10,[]
